"org_cd","ccg","Period Type","access_2021","access_2122","access_2021_1c","access_2122_1c","mhspend_perc_allocation_1718","mhspend_perc_allocation_1819","mhspend_perc_allocation_1920","mhspend_perc_allocation_2021","mhspend_perc_allocation_2122","mhspend_allages_1718","mhspend_allages_1819","mhspend_allages_1920","mhspend_allages_2021","mhspend_allages_2122","mhspend_cyp_1718","mhspend_cyp_1819","mhspend_cyp_1920","mhspend_cyp_2021","mhspend_cyp_2122","EDspend_1718","EDspend_1819","EDspend_1920","EDspend_2021","EDspend_2122","t4beddays_Q1_201718","t4beddays_Q2_201718","t4beddays_Q3_201718","t4beddays_Q4_201718","t4beddays_Q1_201819","t4beddays_Q2_201819","t4beddays_Q3_201819","t4beddays_Q4_201819","t4beddays_Q1_201920","t4beddays_Q2_201920","t4beddays_Q3_201920","t4beddays_Q4_201920","t4beddays_Q1_202021","t4beddays_Q2_202021","t4beddays_Q3_202021","t4beddays_Q4_202021","t4beddays_Q1_202122","t4beddays_Q2_202122","t4beddays_Q3_202122","t4beddays_Q4_202122","t4admissions_Q1_201718","t4admissions_Q2_201718","t4admissions_Q3_201718","t4admissions_Q4_201718","t4admissions_Q1_201819","t4admissions_Q2_201819","t4admissions_Q3_201819","t4admissions_Q4_201819","t4admissions_Q1_201920","t4admissions_Q2_201920","t4admissions_Q3_201920","t4admissions_Q4_201920","t4admissions_Q1_202021","t4admissions_Q2_202021","t4admissions_Q3_202021","t4admissions_Q4_202021","t4admissions_Q1_202122","t4admissions_Q2_202122","t4admissions_Q3_202122","t4admissions_Q4_202122","adultward_Q1_202021","adultward_Q2_202021","adultward_Q3_202021","adultward_Q4_202021","adultward_Q1_202122","adultward_Q2_202122","adultward_Q3_202122","adultward_Q4_202122"
"00Q","NHS BLACKBURN WITH DARWEN CCG","Rolling 12 month",1535,1940,2005,2435,0.130278045785457,0.138792699637083,0.153363640880409,0.15810383026564,0.179015999470622,29706000,31704000,37041000,39571000,44805000,1741000,1707000,1861000,2296000,2802000,302000,198000,207000,213000,243000,238,185,179,181,67,49,92,82,45,138,205,267,280,200,173,197,21,22,93,76,6,NA,7,6,NA,NA,NA,NA,NA,NA,NA,5,NA,NA,NA,NA,NA,NA,NA,NA,NA,NA,NA,NA,NA,NA,NA,NA
"00R","NHS BLACKPOOL CCG","Rolling 12 month",1635,1870,2115,2470,0.129422094497497,0.154524081768198,0.158331566807808,0.0751781082319868,0.0774683773548899,35969102.257,40947800,46816111,51825168.27,53404000,2018270,651000,2990079,2821074,2995000,0,180000,107996,122138,156000,447,213,283,92,91,114,140,183,147,171,221,136,177,5,21,57,107,94,178,74,NA,NA,NA,NA,NA,6,5,NA,NA,NA,5,NA,NA,NA,NA,NA,NA,NA,NA,NA,NA,NA,NA,NA,25,NA,NA,NA
"00X","NHS CHORLEY AND SOUTH RIBBLE CCG","Rolling 12 month",1610,1575,2145,2505,0.12188345156968,0.145286948631761,0.156461522237542,0.164388363375496,0.191874598303798,29654000,35227000,40059000,43804109.9999938,51128290.578,1544000,1714000,1992000,2688321.671082,3167790.3,95000,97000,99000,188165.0310706,203537,471,382,510,409,339,192,169,10,NA,NA,79,NA,132,137,263,236,200,240,133,122,5,NA,NA,NA,NA,NA,NA,NA,NA,NA,NA,NA,NA,NA,NA,NA,NA,NA,NA,NA,NA,NA,NA,NA,NA,NA,NA,NA
"01A","NHS EAST LANCASHIRE CCG","Rolling 12 month",3015,3610,3940,4830,0.122006472491909,0.145630276311569,0.143184908598966,0.15277528021465,0.157195839678228,68237000,80370000,82925683,92469318.204,95144922,4962000,4834000,5306268,6381185,7048328,729000,729000,749737,500906,563019,197,384,532,683,405,272,242,423,376,147,273,408,343,379,312,249,360,83,181,137,NA,7,11,8,7,NA,5,6,5,NA,5,7,NA,8,5,7,NA,NA,NA,NA,NA,NA,NA,NA,NA,NA,NA,NA
"02M","NHS FYLDE & WYRE CCG","Rolling 12 month",1150,1395,1740,2015,0.134635645302897,0.130227347209414,0.132721739004797,0.146453416743162,0.151096269137347,30670000,34174000,36743748,43173499.97,44542182.191,1203000,1380000,2610387,2790165,3009840.9204,0,91000,172057,194580,219663.34161,152,220,314,319,156,222,199,184,270,141,100,130,155,166,56,124,9,174,182,292,NA,NA,NA,NA,5,NA,NA,NA,NA,NA,NA,NA,NA,NA,NA,NA,NA,NA,NA,NA,NA,NA,NA,NA,NA,NA,NA,NA
"01E","NHS GREATER PRESTON CCG","Rolling 12 month",1475,1655,2115,2455,0.124168099765693,0.133680359946218,0.141944100312941,0.155438273329949,0.171710881922587,33863000,35594000,39643000,45549687.0000055,50318218.02,1538000,1661000,1961000,2543883.044514,2810257.09,113000,116000,118000,214925.1281673,233783,191,209,166,247,146,251,289,422,348,312,192,294,182,241,281,234,103,185,205,223,7,5,NA,NA,NA,NA,5,5,7,NA,NA,NA,NA,NA,NA,NA,NA,NA,NA,NA,NA,NA,NA,NA,10,5,NA,NA
"01K","NHS MORECAMBE BAY CCG","Rolling 12 month",2315,3280,3250,4710,0.139367263479305,0.131385858138309,0.121052364976757,0.130246718684929,0.135870355208083,71021000,64051000,62134000,71461519.27467,74546999,1090000,3791000,4e+06,4564031,4691414,67000,60000,313000,776120,826869,834,1167,1041,848,438,334,368,447,606,485,370,278,455,483,368,333,278,260,139,185,11,8,9,5,NA,6,NA,NA,10,NA,5,NA,NA,10,6,12,NA,NA,NA,NA,NA,5,NA,NA,NA,NA,NA,NA
"02G","NHS WEST LANCASHIRE CCG","Rolling 12 month",1105,1385,1540,1900,0.131274035773256,0.132769474645279,0.131886394855145,0.144478613445935,0.151617639419142,19955360,20245486.11076,21122925,24407436.03614,25613464.497,1175460.3869,1153380.6631,1508794,1688883.4815,1795059.689,0,82618.4,86872,128414.73044,139802.41734,182,283,176,215,272,260,140,319,334,228,266,124,98,93,NA,41,13,29,NA,88,NA,NA,NA,NA,NA,NA,NA,NA,NA,NA,NA,NA,NA,NA,NA,NA,NA,NA,NA,NA,NA,NA,NA,NA,NA,NA,NA,NA
"02P","NHS BARNSLEY CCG","Rolling 12 month",1855,1970,1990,2280,0.132801471086176,0.140345882352941,0.143458044603444,0.142161155000503,0.152332273606864,50987000,52966536,57263000,59791158,64069000,4305000,4745064,5817000,3958262,4507000,143000,146577,229000,200887,198000,437,486,756,608,753,864,811,810,925,830,912,814,812,876,783,647,699,747,582,759,NA,9,5,NA,10,9,5,8,5,8,NA,10,7,11,NA,6,6,NA,5,9,NA,25,35,10,45,5,NA,NA
"02Q","NHS BASSETLAW CCG","Rolling 12 month",540,650,840,1060,0.128241034910334,0.136652184256326,0.137059124681511,0.136900000987164,0.148024507421647,20788000,21828000,23077056,24157000,26120000,1347000,1374000,1379000,1479000,1504000,124000,121000,119000,121000,185000,289,336,293,184,100,148,129,93,108,60,369,187,91,18,150,152,93,92,264,385,6,NA,NA,NA,NA,NA,NA,NA,NA,NA,NA,NA,NA,NA,NA,NA,NA,NA,NA,NA,NA,NA,NA,NA,NA,NA,NA,NA
"02X","NHS DONCASTER CCG","Rolling 12 month",1905,2235,2395,2875,0.173995220652845,0.184816018849874,0.191455919268263,0.188475092843939,0.193628503572481,79365000,83457000,90990000,93334000,95886000,3052000,4923000,5259000,2796000,2266000,173000,173000,182000,138000,216000,969,573,395,551,492,266,609,460,502,509,450,320,182,133,92,45,340,243,399,505,9,NA,NA,NA,NA,NA,5,NA,NA,NA,NA,NA,NA,NA,NA,NA,NA,NA,NA,NA,NA,NA,NA,NA,NA,25,NA,NA
"03L","NHS ROTHERHAM CCG","Rolling 12 month",2680,2865,3755,4190,0.139135705946743,0.154146655266927,0.152779765980579,0.144425795925759,0.16055316741254,52114391.748,56071000,58544747.98446,58918580.8444485,65497750.685,2898990.0847,3201208.03298094,3382787.26298844,2570600.23035241,2673441.0322,139002.37158,139000.000440838,139000.000463,94173.7151721177,78687.629109,196,195,189,342,728,449,275,315,326,466,405,315,115,231,297,354,298,348,300,161,NA,NA,NA,NA,10,NA,NA,NA,NA,NA,NA,NA,NA,NA,NA,NA,NA,NA,NA,NA,NA,NA,NA,NA,50,NA,NA,NA
"03N","NHS SHEFFIELD CCG","Rolling 12 month",2935,2845,4295,4205,0.179822945457305,0.184057729204701,0.18804550994801,0.140978533031688,0.156672145552989,139713380.41,140895823.59074,151514472.86694,143485812.457626,159458533.23,4373745.02,5235204.76502,7520676.301257,8632623.32185721,8942887.929,428128,430403.694571079,376732.098743,364644.738898204,426174.6703,2283,1555,778,987,1186,976,1370,1718,1515,1439,1125,1277,1144,1167,1112,1137,1347,1292,1309,1064,15,6,7,12,14,12,14,14,13,NA,5,13,6,13,10,8,NA,6,10,6,NA,NA,NA,NA,NA,NA,NA,NA
"99E","NHS BASILDON AND BRENTWOOD CCG","Rolling 12 month",1440,1880,2110,2165,0.131491803930322,0.13802601333341,0.13620743856302,0.138101676214807,0.137422904434088,43004000,48157000,50260000,52309100,52052000,2698000,2865000,3408000,3405000,3922000,141000,103000,113000,101000,234000,536,604,673,414,485,517,639,508,769,627,914,663,398,468,470,465,808,577,777,675,16,13,10,NA,9,6,9,11,10,9,14,NA,10,NA,5,10,10,NA,NA,NA,NA,NA,NA,NA,NA,NA,NA,NA
"99F","NHS CASTLE POINT AND ROCHFORD CCG","Rolling 12 month",840,1020,1070,1255,0.108294940861869,0.0921565857021138,0.101814620350496,0.107317729478463,0.121745497722432,24987000,21524000,25092315,28139000,31922000,1192000,1588000,1562802,2335000,2060000,95000,95000,94172,99000,152000,554,394,193,286,488,332,194,185,391,424,436,586,561,663,448,393,202,81,119,141,14,NA,NA,6,6,NA,NA,5,6,NA,6,11,5,7,NA,NA,NA,NA,NA,NA,NA,NA,NA,NA,NA,NA,NA,NA
"06Q","NHS MID ESSEX CCG","Rolling 12 month",2270,2805,2950,3535,0.119731263755357,0.118278722508554,0.122765113649399,0.0913371409775652,0.0960941879895536,51682000,54719640.2303,59930000,63596000,66908225,2561000,2933910,3311000,4128000,3643909.7533,188000,187395,192000,0,298446.86904,1131,1304,892,1125,1048,704,502,682,535,681,756,743,381,566,793,531,630,592,589,893,13,9,12,13,9,7,5,10,6,11,8,6,5,8,5,NA,NA,5,NA,NA,NA,NA,NA,NA,25,NA,NA,20
"99G","NHS SOUTHEND CCG","Rolling 12 month",1245,1405,1795,1800,0.150545955507177,0.154086030248821,0.159413781965007,0.164879837775977,0.174892093142903,35406000,37899000,41455554,45255858,48004000,1356000,1691000,1757534,1969829,2308000,1e+05,1e+05,1e+05,170982,151000,461,445,244,88,233,117,420,418,487,397,504,487,187,358,518,381,579,416,503,375,11,10,NA,5,NA,NA,5,6,5,NA,6,6,NA,5,5,9,NA,NA,NA,NA,NA,NA,NA,NA,NA,NA,NA,NA
"07G","NHS THURROCK CCG","Rolling 12 month",1180,1350,1605,1630,0.121024103886543,0.115732035715973,0.121890108418162,0.124478795212436,0.128405402853434,25008213.732,24497000,27363354.21901,29049161.6702155,29965499.75,1112955,1556000,1927567.3062,2073404.43920916,2300779.8088,185000,82000,117874.47855,297875.0142354,346512.07579,278,196,309,567,532,297,193,164,168,127,191,147,115,437,257,411,72,147,NA,24,NA,NA,7,6,6,NA,NA,5,NA,NA,5,NA,6,NA,5,NA,NA,NA,NA,NA,45,NA,NA,NA,NA,NA,NA,NA
"15E","NHS BIRMINGHAM AND SOLIHULL CCG","Rolling 12 month",8610,9530,12935,14310,0.159378429012734,0.170067707237371,0.173556062539474,0.158402873695933,0.167703031668178,258929296.459,274792000,296230000,313363769.6371,331762000,22850890.1069,23696000,21752000,24684523.4084,26483000,1486034.37547,1453000,1514000,1633478,1859000,2589,2759,3062,3253,2792,2781,2657,2684,3097,2752,3397,3061,2460,2516,2564,2398,2269,1552,2076,2410,32,25,26,27,32,23,22,25,23,22,23,15,23,19,20,13,18,13,16,22,NA,5,NA,NA,NA,NA,NA,NA
"13T","NHS NEWCASTLE GATESHEAD CCG","Rolling 12 month",4885,4845,6270,6365,0.156160865819549,0.16627523393416,0.171360210617397,0.149363688953389,0.156349414341305,114342235.24,121512444.481978,131846431.011342,139114111.877582,145620465.53,8181487.9833,8694097.8526,8040665.6832,8407856.2716,8475538.6424,285589.7976,288666.39005,304761.70575,313295.03351,317305.88557,1019,907,967,572,698,643,468,611,571,576,583,564,482,595,469,460,91,92,132,180,6,6,9,6,9,5,NA,10,5,8,7,8,6,6,9,10,5,NA,NA,NA,NA,NA,NA,NA,15,NA,NA,10
"01H","NHS NORTH CUMBRIA CCG","Rolling 12 month",2590,2705,3430,3555,0.133750050915816,0.128734367832407,0.128021902566308,0.106668450186496,0.115420769362051,59453000,58957508.31115,61484054.9703,65641970.00005,71028000,4094778.0734,3737272.3535,4204216.3294,5259670.6643,6210262.7,0,270000,227748.52633,239191.51897,244082.8,491,412,354,500,535,450,545,593,601,386,471,437,177,215,91,56,91,92,139,90,NA,NA,NA,6,12,10,6,5,10,6,7,9,5,6,NA,NA,NA,NA,NA,NA,NA,NA,NA,NA,NA,NA,NA,NA
"99C","NHS NORTH TYNESIDE CCG","Rolling 12 month",2160,2275,2980,2935,0.141882831128274,0.150246195030794,0.146721670061455,0.156694483700418,0.165029824645555,42343866.829,48383181.2009865,49680984.5344992,53420799.861966,56262511.771,2610294.3112,2697313.9868,2984190.6858,3260752.17166,3045154.4769,208380.3672,271692.81308,243439.317823859,209678.76226,191474.46859,284,330,229,590,364,324,379,325,329,256,112,254,204,163,73,130,NA,NA,252,90,NA,NA,NA,NA,NA,NA,NA,NA,NA,NA,NA,5,NA,NA,NA,5,7,6,5,NA,NA,NA,NA,NA,NA,NA,NA,NA
"00L","NHS NORTHUMBERLAND CCG","Rolling 12 month",3970,4275,4490,4730,0.199898078128386,0.179862430425638,0.176997636366968,0.174228662243232,0.227666422871354,85316000,84108528.75265,86940000,90960000,118858387.35,3362000,4166450.5018,4449000,4484000,5378305.7238,295000,339482.96861,421000,427000,610840.60906,821,929,772,566,201,201,210,233,162,147,154,76,NA,20,79,127,NA,NA,64,NA,8,6,NA,NA,NA,NA,NA,NA,NA,NA,NA,NA,NA,NA,NA,NA,6,NA,NA,NA,NA,NA,NA,NA,NA,NA,NA,NA
"00N","NHS SOUTH TYNESIDE CCG","Rolling 12 month",2545,3215,3090,3850,0.152740642521971,0.169941499932162,0.174579000719925,0.171280773349848,0.177341223389137,38409689.375,42587000,45995456.424675,48663145.546794,50385000,3411606.882,3522000,3627811.6794,4103854.815,4113000,102394.2624,102000,101970.57248,38682.814324,74000,232,425,349,171,91,91,71,90,163,211,233,147,237,344,202,150,NA,NA,145,90,NA,NA,NA,NA,NA,NA,NA,NA,NA,NA,NA,NA,NA,7,NA,NA,NA,NA,NA,NA,NA,NA,NA,NA,NA,NA,NA,NA
"00P","NHS SUNDERLAND CCG","Rolling 12 month",3990,4115,4820,5045,0.151446862993359,0.168482032198728,0.172064394479804,0.16483469972944,0.178280509101043,73086000,75474559,80805053,81488123.4576148,88135229.776,3937000,5028957.67929068,5737267.39008258,5936887.48028159,6282148.1058,211000,210897.122252967,217870.558,263460.140971331,268650.93562,921,1034,834,1392,856,571,589,447,237,201,324,477,192,275,332,240,NA,NA,NA,NA,9,NA,9,6,NA,8,NA,NA,NA,7,8,NA,5,6,7,NA,NA,NA,NA,NA,NA,NA,NA,NA,NA,NA,NA,NA
"15M","NHS DERBY AND DERBYSHIRE CCG","Rolling 12 month",7460,9065,10560,12335,0.139759415887563,0.135287569469124,0.132911393271466,0.122887951230488,0.131962819875824,188014839.737,186409630.357408,193077988.600379,211189431.794809,226785072.65,8658000,10965976.8591976,15958917.0548135,13523999.0691925,14493584.515,641000,695246.5117,762745.71793,1013721.88850444,1018685.4379,1856,1481,1673,1628,2035,1781,1335,1361,1296,1366,1601,1643,1328,1702,1977,2198,1810,1803,1765,1931,14,17,14,20,28,15,12,12,17,13,13,14,13,12,23,16,11,12,10,11,NA,NA,NA,NA,NA,NA,90,30
"06L","NHS IPSWICH AND EAST SUFFOLK CCG","Rolling 12 month",2835,3800,4365,5780,0.151147281601212,0.154140692461663,0.12990532758249,0.148355744106766,0.158275453285161,72783297.474,74543672,66266915.990397,78034234.33518,83251942.05,5096041.618,6102264.3038,5677967.7621,5470329.2082,5498576.5654,364930.29668,368000,428793.56158,446931.06559,581581.28095,728,575,711,841,456,410,604,1086,1140,925,801,744,673,413,739,968,452,298,483,353,14,5,8,6,6,NA,12,12,8,13,7,5,7,6,7,9,NA,NA,NA,NA,NA,NA,NA,5,NA,NA,NA,5
"06T","NHS NORTH EAST ESSEX CCG","Rolling 12 month",2485,3120,3345,3915,0.109128823914581,0.114824185034933,0.118637271041126,0.0913767460992184,0.095667431135127,51150000,53795475.1614212,58956910.4811588,63982836.9463975,66987214.02,3283000,3837094.50587638,4081383,4266195.62201998,4380880.0532,187000,186907,191766,317438,307418,1705,1049,1030,748,565,824,867,657,769,647,594,1034,867,695,669,445,504,449,474,685,29,9,12,NA,9,8,5,8,8,5,7,10,5,6,8,5,NA,6,NA,5,NA,NA,10,NA,NA,30,NA,5
"07K","NHS WEST SUFFOLK CCG","Rolling 12 month",1670,2285,2015,2965,0.127385138936604,0.130726387688388,0.111374126278265,0.122921155410271,0.130726481072019,39006280.401,40230000,36179662.1732418,41136900.06479,43749037.094,2803446.0351,3827681.9162,3052263.2384,2898686.6101,2798304.9815,194102.40162,194000,227738.59441,234545.98774,308379.34104,669,394,487,595,553,484,582,524,407,360,466,459,179,327,283,291,315,359,287,365,NA,7,9,NA,NA,5,7,NA,NA,NA,5,NA,NA,6,NA,NA,6,NA,NA,NA,NA,NA,NA,65,90,110,NA,NA
"15N","NHS DEVON CCG","Rolling 12 month",8525,8575,12000,12140,0.139759415887563,0.156464243482065,0.163557318627252,0.150289985745386,0.15935740218723,259609836.69,250886033.424674,276489067.534448,303593751.550863,321910414.24,24133608.091,14605266.697302,15303616.2702391,15986523.5773392,16631353.315,1650807.993404,1535108.20037931,1933924.62195625,1938760.18605616,2530888.7398,1455,1921,1846,2104,2156,2272,2494,2476,2526,2350,2996,2826,2115,2064,1632,1584,1298,1011,1123,1010,30,18,20,25,30,20,24,18,22,23,27,23,24,13,12,9,5,8,8,8,NA,NA,NA,NA,NA,NA,NA,NA
"03W","NHS EAST LEICESTERSHIRE AND RUTLAND CCG","Rolling 12 month",2215,2280,2935,3325,0.118277661282835,0.141924541406519,0.147311846862402,0.142738093339475,0.146654959144816,44187479.51,53008106.5926277,58035417.1254523,59687957.1966897,61325850.159,2203561.3698,2402218.35607131,2663956.47496317,3466855.9830927,3453943.1495,406620.00596,165025.886064561,194781.949062882,282817.322683847,423675.52188,334,447,829,856,850,574,660,702,1102,880,731,572,370,366,211,316,417,260,259,209,NA,11,10,10,9,NA,5,8,7,NA,7,7,NA,NA,NA,NA,7,NA,NA,NA,NA,NA,NA,NA,NA,NA,NA,NA
"04C","NHS LEICESTER CITY CCG","Rolling 12 month",1905,2770,2450,4270,0.171355329764612,0.177321584646823,0.175553086893767,0.144393316660242,0.156616238860501,77479474.622,79579090.0441399,83359978.88681,93742136.0602408,101677426.02,2254000,3596075.55866439,5710819.62903456,6418458.9785035,7055572.6138,380000,341711.11334079,433401.527829426,522582.338175098,782856.37792,560,399,430,612,387,433,684,675,556,400,764,863,672,566,412,282,842,539,517,614,9,6,7,7,9,5,14,10,6,9,12,12,NA,5,NA,NA,9,6,NA,7,NA,NA,NA,NA,NA,20,NA,NA
"04V","NHS WEST LEICESTERSHIRE CCG","Rolling 12 month",2655,3535,3520,4010,0.150440515265858,0.143679244593925,0.137581914123276,0.139384025074458,0.150013980767365,65003000,62081215.3626323,62935058.050809,68149899.2908586,73347269.718,3250000,3161582.10159023,3715774.50141516,4044560.0384038,4050768.859,265000,238999.746824572,280475.273653421,331587.339141055,496735.62293,779,483,547,284,289,619,890,1024,930,527,355,437,225,456,416,316,350,447,516,669,7,9,9,5,10,10,15,13,10,6,7,11,5,NA,5,NA,5,5,NA,8,NA,NA,NA,5,40,20,NA,NA
"06K","NHS EAST AND NORTH HERTFORDSHIRE CCG","Rolling 12 month",2895,3065,4430,4585,0.122853205557179,0.123354232828731,0.124377408122595,0.123844662158401,0.130542992551596,89699494,90580000,96551570,101447110,106934034.09,6031000,7304000,8314000,8865611.40294099,10110119.075,340000,432000,475000,591864.001593013,915878.17377,1284,1610,1539,1096,1207,1006,1093,1017,1108,1172,1248,1175,1155,1108,1308,1219,1166,861,1057,1019,24,21,17,23,18,23,26,17,17,20,16,24,17,13,14,8,7,9,5,8,NA,NA,NA,NA,NA,NA,40,NA
"06N","NHS HERTS VALLEYS CCG","Rolling 12 month",3825,4860,5765,7595,0.122789342323624,0.123762587175072,0.124687151015806,0.126729256393013,0.131386595875824,93967000,96379991,102673509.816814,107685638.00994,111643118.61,6406000,8709000,8606406.9454635,10544777.467652,10796543.512,377000,673000,961734.318645589,906670.39944,1195077.0328,1932,1392,1677,2059,2451,1669,1469,1208,1329,1546,1294,1314,1227,1693,1730,1417,1400,1799,1821,1779,18,15,21,27,24,17,26,19,23,16,18,25,21,25,16,19,19,14,6,13,NA,NA,NA,NA,NA,NA,NA,NA
"07H","NHS WEST ESSEX CCG","Rolling 12 month",1685,1845,2320,2440,0.112036429892942,0.114831416679591,0.112361846712679,0.0823216149686228,0.0861492653781867,43795000,45164000,46739943.91,49627520,51935016,2864000,3749320,4234766.319,4684720,4782000,160000,159410,164710.124,188980,254000,497,692,737,740,621,898,1000,1208,899,613,689,652,511,183,254,202,204,208,431,494,9,NA,7,NA,8,9,6,8,5,NA,NA,NA,NA,NA,NA,NA,NA,NA,NA,5,10,NA,NA,NA,NA,NA,NA,NA
"04Y","NHS CANNOCK CHASE CCG","Rolling 12 month",820,1110,1110,1635,0.193382703338047,0.157731101485404,0.161687732732462,0.144200483325357,0.14861045165649,26682623.231,27024227.3485958,29145022.26369,28900205.99024,29784037.932,2106083.6768,2531554.1665,3246702.6544,3341220.7496,1962435.6673,147150.69631,176878.04262,223290.47559,224578.3504,178088.21299,131,118,127,69,88,28,132,156,96,192,106,78,57,92,189,211,130,99,61,59,NA,NA,NA,NA,NA,NA,NA,NA,NA,NA,NA,NA,NA,NA,NA,NA,NA,NA,NA,NA,NA,NA,NA,NA,5,NA,NA,NA
"05D","NHS EAST STAFFORDSHIRE CCG","Rolling 12 month",930,1045,1115,1410,0.137210801056905,0.120264484091122,0.112918628594221,0.123224420712962,0.134726849870435,21291000,19620308.728078,19547795.47046,22970225.27619,25114389.456,870000,2540790.569,3044641.973,3113063.57136596,1868561.8305,68000,123913.42783,145773.967,149924.13666,170535.37139,66,195,131,178,201,292,156,58,NA,NA,25,189,82,126,235,243,152,204,191,81,NA,NA,NA,NA,NA,NA,NA,NA,NA,NA,NA,5,NA,NA,NA,NA,NA,NA,NA,NA,NA,NA,NA,NA,20,NA,NA,10
"05G","NHS NORTH STAFFORDSHIRE CCG","Rolling 12 month",1805,2055,2330,2975,0.164185914501173,0.156513663227519,0.188883974735573,0.173906507660076,0.193084731976578,45700000,45276429.01212,57513092.58326,58427930.44822,64871300.346,1617000,1966623.3597,1162578.9147,2165807.55009505,5388459.6515,422000,475225.18203,490921.38299,488082.59272,497177.76242,1132,738,920,968,720,717,364,623,811,594,311,533,426,352,465,253,667,632,731,368,14,8,10,5,10,7,6,8,7,NA,6,7,NA,10,NA,NA,7,NA,5,NA,NA,NA,NA,NA,NA,NA,NA,NA
"05Q","NHS SOUTH EAST STAFFORDSHIRE AND SEISDON PENINSULA CCG","Rolling 12 month",1365,1695,1800,2445,0.171017016528189,0.138518843417978,0.136372703053791,0.134145621009345,0.138687171084568,36908087.359,35866130.0508434,37463081.62861,39418615.9802,40753147.939,4975317.1251,5079762.0571,5001858.015,5130702.57143351,3196987.9,375942.22657,383834.23813,377947.69497,384042.39928,298851.94094,167,435,328,339,288,237,397,481,462,294,249,304,255,404,621,451,318,458,644,721,NA,5,NA,NA,NA,NA,5,NA,NA,NA,NA,NA,NA,NA,9,NA,NA,NA,NA,6,NA,NA,15,NA,NA,NA,5,5
"05V","NHS STAFFORD AND SURROUNDS CCG","Rolling 12 month",950,1070,1295,1660,0.187942926669461,0.173910934225446,0.178653961594089,0.113073681205254,0.121534032848574,27836421.202,30696323.3563966,33329325.76707,36790092.50561,39542785.407,2722332.5153,3239129.6474,3416040.096,3656950.46233215,3069273.8504,194197.80016,231063.56348,243683.48399,245956.12107,270067.29547,243,177,233,236,302,182,246,450,461,531,380,384,334,285,293,209,246,302,281,209,NA,NA,NA,NA,NA,NA,NA,NA,NA,NA,NA,NA,NA,NA,NA,NA,NA,NA,NA,NA,NA,NA,15,NA,5,10,NA,NA
"05W","NHS STOKE ON TRENT CCG","Rolling 12 month",2825,3355,3440,4485,0.153171865515102,0.183057570784478,0.183620069391022,0.185075887016935,0.20532347962478,59600000,72800348.38285,76891087.67756,85969849.72758,95375086.26,2825000,3721444.6457,3727949.0778,3055753.5557,7341850.5732,590000,729618.48185,560519.44456,558128.41658,675575.38239,939,1073,1152,1116,552,546,439,184,381,632,786,679,718,382,206,429,473,428,317,336,11,10,14,11,7,11,NA,NA,8,12,7,11,12,NA,NA,8,NA,NA,NA,NA,NA,NA,NA,NA,NA,NA,NA,NA
"09D","NHS BRIGHTON AND HOVE CCG","Rolling 12 month",2075,2065,2525,2700,0.192082115402676,0.181270941806121,0.175387892078199,0.182588008194186,0.193417749906893,73396228.363,68177813.9227,69397481.1375018,72440290.5868619,76736901.544,3990170.6,4228746.07418983,4730161.0452,5828057.65280018,6202647.9797,241893,235590.048256505,250955.93195,254591.766220091,260900.15318,682,667,840,654,296,556,569,340,533,684,543,470,433,368,298,277,467,589,571,636,NA,7,7,NA,5,7,NA,NA,9,12,6,NA,5,NA,NA,5,NA,8,7,NA,NA,NA,20,10,NA,NA,NA,NA
"00T","NHS BOLTON CCG","Rolling 12 month",2295,2655,3545,4110,0.113811744904218,0.12988544369948,0.122072725185154,0.122721366593858,0.130770868757881,47874000,53598786.967915,53076366.4014286,56440415.9985714,60142438.42,3503000,3378000,4015000,4372159.3994,5374917.7289,269000,269000,277000,424421.67,261007.20575,1136,987,1294,1438,1042,890,1123,1078,964,884,875,956,843,734,722,842,946,1001,900,717,14,13,14,14,9,13,21,14,9,8,15,11,9,10,13,8,7,7,12,5,NA,5,NA,NA,NA,15,NA,5
"00V","NHS BURY CCG","Rolling 12 month",1875,1725,2625,2515,0.132985064029984,0.135991407719518,0.139127983869219,0.137920077020827,0.157663390271878,35588000,35752821.0465,38502000,43062954,49227432.796,1996000,2854271,3665786,4054437,4560925.2842,112000,144953,148605,173110,199339,386,529,533,535,526,381,573,705,866,836,670,467,331,351,577,408,468,365,317,260,NA,5,NA,NA,5,NA,8,7,6,10,NA,NA,7,9,6,5,NA,NA,NA,5,NA,NA,NA,NA,NA,NA,NA,10
"01D","NHS HEYWOOD, MIDDLETON AND ROCHDALE CCG","Rolling 12 month",3200,3840,3990,4655,0.124778632585283,0.124805040286537,0.12426610472093,0.124203376596812,0.131843325210376,41599000,40490000,42458000,45674068.4273,48483553.526,3357000,3387000,3763000,5324863.0211,5582975.8597,137000,137000,145000,188797.9258,248919.08313,539,672,751,717,304,305,567,207,261,358,581,523,301,167,128,410,496,424,308,204,9,8,5,6,NA,5,11,NA,8,NA,5,5,NA,6,NA,5,NA,NA,NA,NA,NA,NA,NA,NA,NA,NA,NA,NA
"14L","NHS MANCHESTER CCG","Rolling 12 month",6765,5755,9790,10315,0.137361855546736,0.158779517145481,0.159060885252375,0.103966701565848,0.11046527762509,116050410.91,129830676.8,137761360.23,149250716.67,158579829.93,8205000,9304734.4,11076955.13,10448120.28,11895803.16,355000,365508,355500,429667,594000,1385,1416,1367,1021,647,1051,1124,1278,1485,1547,1540,1252,888,1099,879,1114,1274,1336,1296,1000,15,16,16,NA,5,19,9,19,15,22,14,13,6,18,16,15,15,11,9,10,NA,25,5,NA,NA,15,NA,50
"00Y","NHS OLDHAM CCG","Rolling 12 month",1880,2015,2635,3110,0.117929504338275,0.129428806468514,0.135393871513878,0.124658742736252,0.143532810700587,41855075.863,44219998.874,48847807.1463914,49552397.4161328,57054922.278,2759538.36266,3030670.4371,3298534.1872191,3750082.8939575,5186299.5112,138138,157680,162944.557197673,187586.634021894,220823.98511,367,264,286,341,413,455,431,333,214,289,381,454,273,317,369,254,410,655,451,431,6,NA,5,7,9,8,5,5,NA,7,NA,8,8,NA,5,NA,NA,6,NA,NA,5,NA,NA,NA,NA,NA,NA,NA
"01G","NHS SALFORD CCG","Rolling 12 month",2880,2130,3715,3750,0.125670664256093,0.139891710439174,0.144920027409623,0.183275443177771,0.193196963576146,51577000,55342000,60697000,64406200,67892796,2736000,3363000,5410000,6624000,7888534,728000,177000,161000,233000,298792,757,550,901,945,470,342,392,591,498,390,225,424,299,403,354,331,194,364,264,176,9,NA,6,NA,NA,NA,10,10,7,NA,NA,7,NA,7,5,NA,NA,5,NA,5,NA,NA,NA,NA,5,NA,NA,10
"01W","NHS STOCKPORT CCG","Rolling 12 month",2325,2260,3150,3110,0.115031367469685,0.0731533076153736,0.117821359169779,0.122788186962357,0.136468359637567,47952000,30208000,51294000,57858549,64304730.515,3242000,3354000,2547000,3006950,3736132.4925,170000,170000,179000,195370,252754.00848,467,332,406,384,387,410,336,184,191,113,225,444,394,247,344,430,345,375,547,659,5,5,8,NA,NA,8,13,NA,NA,NA,5,9,NA,NA,6,NA,NA,NA,NA,6,NA,NA,NA,NA,NA,NA,NA,NA
"01Y","NHS TAMESIDE AND GLOSSOP CCG","Rolling 12 month",2160,2415,2870,3735,0.104054111599143,0.113350558407638,0.113451688991103,0.116898894295118,0.127285399331468,37611000,40273000,42375000,46612129.172047,50753632.112,521000,2136000,2637000,3540080.4534,4617737.4026,144000,120000,123000,144276.08773,238342.43339,1023,707,469,369,445,317,304,525,498,530,512,540,394,459,507,495,379,273,338,462,8,9,5,6,6,NA,7,5,6,5,NA,5,NA,NA,NA,NA,NA,NA,NA,NA,NA,NA,NA,NA,NA,NA,NA,NA
"02A","NHS TRAFFORD CCG","Rolling 12 month",1850,1720,2890,2865,0.100342114266165,0.104580593760456,0.108080463689056,0.103617431943125,0.114475692658663,32263000,32268655.94657,35187000,37019845.5,40899223,2180000,2041417.6576,2284000,2304219,3405764,167000,147570.36336,157000,209312,126300,283,196,205,457,119,77,173,244,193,295,282,190,211,268,291,189,315,410,366,424,8,NA,8,6,NA,NA,7,NA,7,NA,NA,NA,NA,NA,NA,NA,NA,NA,NA,NA,NA,NA,NA,NA,NA,NA,NA,NA
"02H","NHS WIGAN BOROUGH CCG","Rolling 12 month",2095,2090,3135,3445,0.111774201678998,0.105050692396997,0.10542386020392,0.107756268065028,0.114643923461404,53392864,48860757.8449217,51645251.4844168,55277809.5507039,58811102.881,3546000,2726281.1618758,3332600.93358291,3819804.07462346,4444821.1896,269000,205844.082099425,213720.2315788,214292.610424512,233099.62765,676,568,442,408,297,479,580,426,603,568,274,315,378,345,258,417,504,604,643,558,9,6,NA,7,NA,5,9,12,13,NA,NA,NA,NA,NA,NA,NA,6,NA,NA,NA,NA,NA,NA,NA,NA,NA,NA,NA
"02Y","NHS EAST RIDING OF YORKSHIRE CCG","Rolling 12 month",1510,1680,2305,2465,0.139187936026425,0.141964238109971,0.143205190454816,0.142025002680319,0.146469671784971,53613661.8,55625705.454392,59015861.422763,62398248.29333,64351000,2919816.3013,3062942.4699,3287361.5835,3731141.7221,3721000,259470.09776,266500,276900.82875,277353.32523,279000,673,554,470,695,642,386,195,528,892,1192,1064,971,1014,883,755,758,531,173,390,486,5,NA,5,5,7,NA,NA,12,8,13,6,8,9,NA,6,7,5,NA,5,6,NA,NA,NA,NA,10,NA,NA,NA
"03F","NHS HULL CCG","Rolling 12 month",1945,2435,2915,3210,0.140335828256618,0.15090350345791,0.149600385133022,0.123724194382233,0.132471617583899,56214186.599,60513964.82516,63102938.45296,65833505.8684663,70488000,3917120,2825721.2255,3769038.82803118,4032905.61379543,4049000,155850,163845.31557,161247.09518509,163706.090440841,167000,469,469,468,329,302,447,416,364,435,426,84,207,242,341,304,311,218,310,214,296,7,NA,NA,NA,5,NA,5,NA,5,NA,NA,NA,6,NA,NA,NA,NA,5,NA,NA,NA,NA,NA,NA,5,30,NA,NA
"03H","NHS NORTH EAST LINCOLNSHIRE CCG","Rolling 12 month",1180,1225,1620,1550,0.131585821519112,0.13895821557459,0.143014433484691,0.143882727504702,0.155411328602687,30675681.47,31959000,34551000,36805000,39754000,2880538,2764000,2882000,3211000,3301000,91000,93000,96000,96000,98000,86,69,148,134,91,99,35,90,155,152,140,93,NA,120,92,139,121,80,NA,22,NA,NA,NA,NA,NA,NA,NA,NA,NA,NA,NA,NA,NA,NA,NA,NA,NA,NA,NA,NA,NA,NA,NA,NA,NA,NA,10,55
"03K","NHS NORTH LINCOLNSHIRE CCG","Rolling 12 month",1230,1355,1640,1785,0.139119807402197,0.134157238310631,0.139906567476623,0.140050412299177,0.120838557777409,30063512.14,30964563.86,33948468.50477,37186541.1461,32085360.743,1637666.82,1595126.51,1623891.23,1951360.8907,2339795.3272,90000,90000,90000,92340,95367.7,183,34,NA,NA,NA,20,170,66,47,119,214,217,218,244,236,195,183,159,125,228,NA,NA,NA,NA,NA,NA,NA,NA,NA,NA,NA,NA,NA,NA,NA,NA,NA,NA,NA,NA,NA,NA,NA,NA,NA,NA,NA,NA
"03Q","NHS VALE OF YORK CCG","Rolling 12 month",3095,3080,3810,4700,0.178110180932357,0.164942911860075,0.164740005290731,0.157614360415413,0.162870724190534,67449630.925,68006952.21738,71569483.1585,76333824.74008,78879521.402,2653243.1416,3372061,3937338,4508871,4051787.5535,232668.4682,165536,156164,157329,182876.13799,1304,1517,1264,802,629,536,492,711,603,592,444,421,400,347,320,346,224,399,416,478,15,14,9,7,8,NA,7,NA,NA,NA,NA,NA,5,NA,NA,NA,NA,NA,NA,NA,NA,NA,5,5,25,NA,NA,NA
"11M","NHS GLOUCESTERSHIRE CCG","Rolling 12 month",3940,5020,5275,7105,0.106493083528728,0.120359487502022,0.141043150960801,0.109988080357551,0.116979221352475,81786000,91660971.30204,113546365.55154,102068889.94741,108556665.7,6629000,6291480.6357,6537589.2109,6867648.157,8417764.9366,486000,709165.36834,949798.94132,1005194.43266,1032135,727,995,1008,863,893,1213,1251,1222,1352,1209,1198,848,626,666,571,620,519,422,326,229,8,7,5,6,14,5,12,10,9,13,11,7,6,NA,NA,6,NA,NA,NA,NA,NA,20,NA,10,25,25,5,NA
"10R","NHS PORTSMOUTH CCG","Rolling 12 month",1445,1490,1940,2500,0.155043350542057,0.157199349348102,0.161442006268579,0.160992562887849,0.172374654770416,44176967,44165000,47791999.9997,51082493.8058078,54694000,2630000,1987788.93111973,2323417.09720535,2517613.05050085,2685000,109000,108790,112947.251944333,212713.923509851,335000,175,310,331,196,185,312,300,500,331,612,542,432,194,111,90,142,130,193,290,123,NA,NA,5,NA,NA,5,NA,NA,NA,5,NA,NA,NA,NA,NA,NA,NA,NA,NA,NA,NA,NA,NA,NA,NA,NA,NA,NA
"11X","NHS SOMERSET CCG","Rolling 12 month",2290,2695,3715,4140,0.111506026266708,0.114360001588238,0.124020896175203,0.114383772817382,0.120184054674559,80471000,83525000,95840000,105366000,110709000,5375000,5390000,6228000,6932000,7463000,284000,384000,484000,547000,689000,1160,1392,1338,997,1314,1491,1058,924,788,826,737,607,436,659,565,612,242,268,311,17,10,9,13,11,19,11,10,7,8,NA,11,NA,NA,6,7,9,NA,NA,NA,NA,NA,NA,NA,20,50,NA,NA,NA
"11N","NHS KERNOW CCG","Rolling 12 month",3375,4085,3925,4865,0.172604336178166,0.170002381729032,0.172144487410149,0.155553360689717,0.166168044566319,121447000,131335000,140363000,147039000,157072679.09,6206000,5838000,8694000,10968000,9810965.4317,653000,722000,665000,709000,1091802.3214,1273,1392,1269,1170,1270,1172,918,1426,1698,1500,1329,1178,1133,1145,969,434,517,475,907,919,13,12,14,17,11,12,15,15,14,15,10,20,20,10,10,7,7,9,8,12,NA,NA,NA,50,NA,NA,NA,NA
"15A","NHS BERKSHIRE WEST CCG","Rolling 12 month",3780,4855,5620,7095,0.117926596689445,0.130422378870164,0.131084627156407,0.143481216410769,0.151332816417379,68716009.913,75432000,79952315.55688,93748013.4528,98878105.889,5212000,3746000,4385588.3715,4956184,5337480.7296,674000,2978000,2977427.0817,3301055,3399155.828,629,246,375,744,899,677,572,974,916,962,759,906,1002,1148,1247,992,945,700,638,606,NA,NA,6,8,6,NA,8,10,6,5,6,6,17,NA,7,6,6,NA,5,NA,NA,NA,NA,NA,5,NA,NA,5
"14Y","NHS BUCKINGHAMSHIRE CCG","Rolling 12 month",4575,4680,6760,7000,0.136901800435818,0.142736170914009,0.146744130049577,0.143615043476205,0.151040936688111,84587000,87482000,95072000,101205000,106438000,4386000,4976700,5049000,6417000,5853000,256000,256000,338000,427000,368000,1046,821,758,698,596,754,1290,1443,1516,1550,1236,1255,1109,970,966,967,992,899,863,1123,9,6,9,7,8,8,10,14,10,10,13,6,9,7,7,9,13,5,9,11,NA,NA,NA,NA,NA,NA,NA,5
"10Q","NHS OXFORDSHIRE CCG","Rolling 12 month",5570,5545,6830,7230,0.0984307193124889,0.106111787452988,0.110773163471754,0.0925106742656129,0.102117716054901,77313606,82019000,90395000,97585000,107719000,7070860,6498000,6775000,6987000,7240000,816353,828000,828000,851000,855000,1679,1209,1465,2128,1904,1507,1988,1608,1626,1637,1332,1403,1433,1798,1599,1508,1514,1489,1063,737,17,15,18,17,16,17,19,16,19,17,10,20,10,14,9,13,17,7,6,6,NA,NA,10,NA,NA,NA,NA,10
"06H","NHS CAMBRIDGESHIRE AND PETERBOROUGH CCG","Rolling 12 month",6115,5840,9120,10375,0.128771268595865,0.129366557762651,0.129042568751247,0.103761913322947,0.110491503871473,127917000,133757000,140987007,149454000,159147000,9546000,9085000,9920115,10497000,10941000,612000,612000,628000,891000,9e+05,2468,2735,2691,2294,2057,2277,2696,2726,3106,3022,3191,2904,1779,1324,730,611,1910,1495,1818,1537,24,30,20,17,25,28,23,28,21,23,25,20,13,22,17,12,20,12,11,5,60,50,105,30,35,15,40,NA
"15C","NHS BRISTOL, NORTH SOMERSET AND SOUTH GLOUCESTERSHIRE CCG","Rolling 12 month",4135,4585,5355,7425,0.144305663069658,0.124064965038843,0.124593743324087,0.111531262683661,0.117082087787724,158623745.13,145406000,154554427,166370751.733,174650896,9725028.18,9534000,10857000,11566119.25,12356761.439,256074.46,458000,462266,480757,532961.56131,2237,1935,1723,1934,2248,2797,3129,2781,2700,2401,1757,1817,1563,1699,1705,1493,1717,1572,1195,1063,16,17,17,23,37,30,31,22,28,20,19,21,19,16,22,21,29,11,12,21,NA,NA,NA,25,90,20,NA,NA
"11J","NHS DORSET CCG","Rolling 12 month",4670,4725,6495,6210,0.148958017896649,0.158127702391631,0.164070726689191,0.152191039152068,0.162388771303785,159439895.7,166582000,182298000,197207183.36605,210421273.01,9439532,8431000,8798000,10148887.681,10889227.276,1301000,995000,1201000,1234793.4775,1356790.6501,1836,1517,2205,2660,2303,2388,2687,2485,2977,2419,1911,1680,1402,1704,1740,1458,1479,1225,995,897,17,14,27,19,19,18,31,18,16,19,11,9,16,14,13,13,7,6,7,8,NA,NA,NA,NA,NA,NA,NA,NA
"02T","NHS CALDERDALE CCG","Rolling 12 month",1375,1955,2030,3000,0.122442716144108,0.124206867107938,0.125187859926319,0.123537718706347,0.129653994822242,35108000,35452738.69922,37651000,38914000,40840608.094,1752000,1755964.84,1853000,2352000,2226404.1096,107000,107000,111000,111000,126775.83039,352,242,216,70,42,110,255,200,361,303,140,179,387,374,163,99,14,NA,216,180,5,NA,NA,NA,NA,NA,NA,NA,NA,NA,NA,NA,5,NA,NA,NA,NA,NA,NA,NA,5,NA,NA,NA,NA,NA,NA,NA
"15F","NHS LEEDS CCG","Rolling 12 month",4765,6295,6900,8430,0.139759415887563,0.148408499047584,0.152855471134867,0.158923407135446,0.168132064574374,154044000,161277000,175199578.19442,191771167.661104,202883155.64,8695000,8884000,10057604.108028,10223965.826313,11036000,425000,425000,714893.08082217,677031.903810782,708000,858,1150,1112,1235,1064,846,844,952,1289,1276,1056,997,1269,1435,1488,1294,1219,1116,1049,766,7,6,NA,9,12,6,12,6,6,11,9,7,13,13,10,NA,7,6,NA,NA,NA,NA,NA,NA,NA,NA,NA,NA
"03R","NHS WAKEFIELD CCG","Rolling 12 month",3385,4665,4585,6135,0.135834069380952,0.14629043794925,0.148069988374762,0.0950803920620385,0.10024186924754,71419000,74773431.549,79988000,82011000,86463000,4784000,7655000,8482000,9773000,10158000,193000,195000,196000,436000,442000,168,481,697,575,502,246,465,586,528,506,510,291,356,235,443,529,517,365,276,157,NA,9,8,7,NA,5,5,NA,NA,5,NA,NA,NA,NA,NA,NA,NA,NA,NA,NA,NA,NA,10,NA,10,25,NA,NA
"01F","NHS HALTON CCG","Rolling 12 month",755,765,1160,1230,0.127067231689375,0.127411753328776,0.128582630071959,0.124673956282787,0.133923241579311,24918089.602,25723286.2913,27303750,28010000,30088000,1652671.7514,1656893.1254,1709000,1866000,2272000,113000,222000,229000,211000,222000,61,106,92,90,212,166,108,163,124,23,80,NA,NA,NA,92,17,NA,NA,53,NA,NA,NA,NA,NA,NA,NA,NA,NA,NA,NA,NA,NA,NA,NA,NA,NA,NA,NA,NA,NA,NA,NA,NA,NA,NA,NA,NA,NA
"01J","NHS KNOWSLEY CCG","Rolling 12 month",1030,1250,1535,2020,0.131742144547101,0.14731983734988,0.150579418259215,0.145668262159834,0.162185100288819,36304360.41,40505000,43439000,43805087.3317443,48772000,1461246,1720000,2224173.09696333,1863513.9436783,2064000,0,140000,143560.537697533,174428.232753064,303000,339,245,289,285,128,116,96,49,11,172,204,53,26,86,7,6,19,28,62,76,NA,NA,NA,NA,NA,NA,NA,NA,NA,6,NA,NA,NA,NA,NA,NA,NA,NA,NA,NA,NA,NA,60,NA,NA,NA,NA,NA
"99A","NHS LIVERPOOL CCG","Rolling 12 month",5970,6345,7520,8495,0.143771962242556,0.1462511705156,0.146951157589455,0.0979872885747473,0.10356395021961,116320000,117293000,124445000,125454000,132593849.67,6051000,6726000,7719000,8475000,8442194.255,312000,316000,492000,598000,636346.59304,591,372,580,611,473,709,462,350,416,513,350,352,264,391,455,498,493,634,628,492,NA,7,12,5,6,NA,5,NA,NA,7,NA,5,NA,5,5,NA,NA,6,NA,NA,NA,90,NA,NA,NA,40,NA,NA
"01T","NHS SOUTH SEFTON CCG","Rolling 12 month",1075,1235,1525,1810,0.0981803738458536,0.105761457966143,0.115047378854884,0.103278015179625,0.118658260431625,23724906.4,25802622.9,29423022,29114278.2238,33450000,2580550,2778034.6,2660000,2998000,2877000,260260,261716,277196,105000,107000,107,153,110,158,285,222,49,NA,26,50,95,161,5,20,76,124,143,94,173,111,NA,NA,NA,NA,NA,NA,NA,NA,NA,NA,NA,NA,NA,NA,NA,NA,NA,NA,NA,NA,NA,NA,NA,NA,15,NA,NA,NA
"01V","NHS SOUTHPORT AND FORMBY CCG","Rolling 12 month",705,790,785,1010,0.117165357058318,0.122119343912928,0.120596615607535,0.108382997159458,0.118805821874363,20293860,22462510,23304090,23668916.6897,25945076.016476,894860,1088000,938000,1071000,1108000,204204,204000,82000,80000,81000,91,165,223,234,88,209,287,386,351,248,246,270,251,238,245,196,326,250,264,416,NA,NA,NA,6,NA,NA,NA,NA,NA,NA,NA,6,NA,NA,NA,NA,NA,NA,NA,NA,NA,NA,NA,NA,NA,NA,NA,NA
"01X","NHS ST HELENS CCG","Rolling 12 month",1555,1430,2925,2565,0.131740366112773,0.12106618241226,0.125513315689106,0.122018198268337,0.129373976888255,37966496.581,36496611.35,39848469.51824,42283000,44832000,1780421.9647,3434352.08,3666916.713,3024000,3249000,0,299271,181329.42,249000,285000,81,49,98,244,324,365,243,201,358,276,214,133,92,44,NA,75,78,93,54,196,NA,NA,NA,NA,NA,NA,NA,NA,NA,NA,NA,NA,NA,NA,NA,NA,NA,NA,NA,NA,NA,NA,NA,NA,NA,NA,NA,NA
"02E","NHS WARRINGTON CCG","Rolling 12 month",1575,1695,2565,2830,0.11957475666188,0.125846054306322,0.125885356693745,0.134407675376303,0.159640410340232,33572000,35594298,37563938.6667,44558000,52923000,2165000,2240000,2534000,3584000,3874000,170000,238000,268000,284000,289000,538,403,565,468,517,425,366,256,223,123,50,100,120,245,278,422,515,355,191,220,NA,5,6,NA,5,NA,NA,NA,NA,NA,NA,NA,NA,NA,NA,NA,NA,NA,NA,NA,180,90,30,NA,NA,35,NA,NA
"12F","NHS WIRRAL CCG","Rolling 12 month",3910,2560,5260,3860,0.133691556960654,0.135826075069086,0.142169496516256,0.135148288662447,0.143104142850069,67417000,69991176.4831,77003264.3981,79510187.18005,84190760.363,4472000,5641790,5701454.3981,6328951.6601,6460565.0955,479000,224450,226530,242406.90395,245415.0049,833,676,1328,1199,638,733,833,856,1000,644,736,786,605,739,640,1053,822,707,864,699,9,12,12,7,7,NA,6,12,15,7,8,9,8,7,13,8,NA,5,NA,NA,NA,NA,NA,NA,NA,NA,NA,NA
"16C","NHS TEES VALLEY CCG","Rolling 12 month",10175,10905,13095,14805,0.179320548566561,0.19237046893864,0.191111723131205,0.183144420437872,0.193763431303816,178839000,190924035.38269,199465216.54927,215655177.46441,228159214.81,12888000,13978831.2382,14772420.37,16772152.3107,16644477.036,794000,810267.7512,931338.90245,993068.61853,1163171.3777,1550,1787,1298,1151,822,771,987,881,953,1005,1114,1028,1090,1078,924,645,80,7,88,NA,14,9,7,7,10,9,9,12,6,15,7,11,9,8,5,9,NA,NA,NA,NA,20,5,NA,NA,NA,NA,NA,NA
"18C","NHS HEREFORDSHIRE AND WORCESTERSHIRE CCG","Rolling 12 month",4770,4995,7490,7775,0.12848774954146,0.129572139716704,0.129832375911116,0.109701319225566,0.115579741783926,119276000,122243280.350048,130974381.48963,135348921.609726,142601689.03,7969000,8379191.37804198,9071095.9305,9657054.96437931,10259538.813,419000,404074.214341366,491858.483554569,581758.11736,841540.26917,1322,1030,1375,1406,2035,1424,1317,1728,1427,1539,1796,1654,1498,1726,1905,2220,2087,1331,1587,1379,12,11,10,11,12,NA,8,13,7,10,14,13,12,15,12,8,12,9,11,8,20,70,15,50,NA,35,5,NA
"26A","NHS NORFOLK & WAVENEY CCG","Rolling 12 month",6135,7690,10345,11025,0.157466221948544,0.14275398244838,0.123157005812373,0.113881401805672,0.122586681113735,206205158.176,190799976.551119,173954467.58675,192888165.398532,207632850.03,8297888.5,22929566.958,24164477.253,25800095.3970635,27489933.117,1669190.66599,915000,1968686,2178186.36,2656418.5786,1968,1994,2468,2571,2289,2021,2313,2601,2465,2593,2666,1595,1211,1828,2032,1617,1737,1716,1614,1793,22,22,26,23,14,24,16,21,24,22,21,12,12,20,13,22,11,8,9,16,NA,NA,NA,NA,NA,NA,NA,45
"27D","NHS CHESHIRE CCG","Rolling 12 month",3985,2980,6255,5270,0.118520754938427,0.112987142144945,0.11283293249912,0.110817959531048,0.118840406559007,110340879.46,109366469.17491,115020988.726143,124824926.3679,133861380.06,6523480.1696,8428364.2325,9174864.0124,10672730.23,11926994.22,552045.06,518111.9915,773460.48028,524349.469,519988.62934,1654,1155,1265,921,694,586,840,695,635,429,524,927,624,666,979,1271,1297,1253,1518,1054,15,11,19,14,8,NA,10,7,6,5,10,10,NA,6,14,14,11,9,NA,NA,NA,NA,NA,50,10,NA,NA,NA
"36J","NHS BRADFORD DISTRICT AND CRAVEN CCG","Rolling 12 month",5660,7155,7325,9240,0.128131524173097,0.135203876871212,0.141252023316086,0.142169264484419,0.149804965205517,101481000,107804000,120775000,128434000,135332000,6866000,7353000,8828000,9046000,10639000,305000,311000,324000,335000,343000,735,774,396,441,754,608,512,399,504,678,518,770,687,827,522,277,316,599,739,714,13,6,NA,8,6,NA,NA,5,8,NA,7,NA,NA,6,5,NA,NA,8,NA,6,NA,20,NA,20,55,90,45,10
"36L","NHS SOUTH WEST LONDON CCG","Rolling 12 month",9955,11230,14585,16660,0.130268513353362,0.133765738373073,0.136873380836718,0.120575212992282,0.127896553115614,238373376.174,255990971.433748,276811082.923608,286506973.058132,303903707.804925,15473403.1083,17549211.1243428,20409931.7988538,19598962.726824,21354369.8138335,1615062.91416,1801234.53563162,1912687.81075969,1434410.11848899,1651354.2550997,3386,3594,3516,2720,2705,2284,1877,1939,2471,1905,1683,1726,951,1249,1402,1616,2469,2003,2144,1763,29,31,27,24,31,29,25,28,23,19,23,26,13,22,21,17,29,29,36,45,45,NA,NA,NA,NA,NA,NA,NA
"42D","NHS NORTH YORKSHIRE CCG","Rolling 12 month",3015,3055,4380,4600,0.152771730180068,0.161027135855049,0.14897834880995,0.132988188797689,0.140704114398548,81371264.961,88516938.633792,86020992.472958,93149992.9772065,98554521.169,4724207.2749,4837084.7215,3836241.47590292,4293769.64342781,4515463.0269,224337.717697,225902.701972,212534.153789636,332905.145208109,337221.82407,789,858,1066,1201,1070,911,699,513,638,450,403,82,185,363,587,434,118,165,467,451,8,6,8,10,5,9,NA,5,8,NA,5,NA,NA,7,NA,NA,NA,NA,NA,5,NA,NA,NA,NA,NA,10,NA,NA
"52R","NHS NOTTINGHAM AND NOTTINGHAMSHIRE CCG","Rolling 12 month",10270,10775,13410,16200,0.151386998654436,0.162005871302549,0.163590560799231,0.141199090427172,0.150212370651749,204989955.751,216383142.005249,230784565.694711,232855912.79104,247720000,8976517.621,10132217.92612,10916351.06015,12384811.99661,13088000,959701.982,1022389.57064,1167160.290061,1009007.95293,1025000,1898,1884,1727,1800,1476,1600,1167,1195,988,1065,1565,1791,1482,1646,1624,1659,1856,1482,1036,909,16,18,22,20,14,15,11,13,11,14,25,15,11,8,14,10,15,8,NA,NA,NA,NA,NA,NA,NA,NA,40,20
"70F","NHS WEST SUSSEX CCG","Rolling 12 month",4980,6395,6610,8275,0.109758247829751,0.114551243666056,0.120756055407416,0.116156494438455,0.122921318544772,119392000,131983766.4784,147049478.911826,159846847.70558,169156149.04,7447764,9040840.15048322,9236931.74077241,10184129.9153333,9697582.8664,469270,638540.343046853,721347.542739225,880738.848108688,911967.66807,1659,1334,1095,937,595,1005,817,961,1250,1350,1163,752,866,1056,1079,723,867,945,1040,1297,19,17,8,13,13,7,5,7,9,5,8,8,12,11,5,9,8,6,8,11,90,35,15,NA,15,10,NA,NA
"71E","NHS LINCOLNSHIRE CCG","Rolling 12 month",4545,4675,6705,6955,0.142472278838792,0.147555844348135,0.148059970368439,0.137876834966514,0.146400742108887,142623247.603,148039089.738375,156933648.572531,171911999.0499,182540049.2,7345796.6,7953569.8269,8233083.7327,7686071,7556087.3871,175608,0,531451.184638,676086,684672,1583,1797,1864,1697,1325,1227,934,947,1037,1151,1578,1120,747,579,711,759,507,492,639,896,27,16,18,14,18,14,15,14,17,21,14,9,NA,5,8,7,NA,NA,5,8,NA,NA,NA,5,NA,NA,NA,NA
"72Q","NHS SOUTH EAST LONDON CCG","Rolling 12 month",12340,13800,17550,18775,0.14183909225805,0.14716635123464,0.15114153120734,0.123359210063978,0.129673358910155,346842040,359324600.834224,391224865.859669,400871373.779065,421390000,21343000,24273605.3595404,27219789.4959883,32415441.3829657,34845000,1222000,1308018.48408419,1442806.85135966,2099433.74545792,2143000,4004,2979,4196,4206,3847,2844,2928,3474,3783,2861,2565,2111,556,693,990,1013,2079,1919,1622,1436,46,54,63,56,46,41,55,40,43,27,40,27,14,12,16,11,20,20,17,16,25,NA,NA,NA,NA,NA,NA,NA
"78H","NHS NORTHAMPTONSHIRE CCG","Rolling 12 month",4480,5700,5560,7395,0.13639410042349,0.140478678453917,0.141710567480573,0.126547762964151,0.132644875061006,121943000,126504000,134983000,141647954.6787,148472598.89,8737000,8495000,8840000,7730723.3781,9012138.247,374000,382000,837000,868854.6843,1042489.3348,1887,2224,1903,1938,2170,1989,1736,1697,2123,2066,2333,2152,1427,1605,1766,1947,2128,1557,1256,1037,27,25,17,21,29,24,19,27,28,28,27,30,19,19,17,25,24,15,14,9,NA,25,NA,NA,65,15,5,NA
"84H","NHS COUNTY DURHAM CCG","Rolling 12 month",7860,7715,9680,10510,0.165916247493949,0.171749258054392,0.171313793110817,0.158878078890061,0.17080687721692,136178000,139472419.98823,146620965.59941,155814741.85416,167513540.36,7199000,7712405.7997,8229802.1483,8926509.8146,9864028.7129,585000,585773.07372,745150.67586,910515.53415,1520320.4665,1008,1026,1199,1105,1053,985,987,879,1067,831,563,449,565,490,516,567,193,NA,210,90,7,6,7,11,14,5,11,13,15,10,NA,NA,8,5,7,14,NA,NA,NA,NA,5,20,NA,15,NA,10,NA,20
"91Q","NHS KENT AND MEDWAY CCG","Rolling 12 month",15665,17465,26275,28005,0.113403471486633,0.115339958093399,0.116719292620469,0.10507274597342,0.109982759824273,261858712.044,270449710.437192,289687946.740594,304220949.540692,318437091.53,20594448.1677,21002703.602548,20984694.2208935,23884059.4801897,23306425.53,971185,950698.575,1035606.2625,1355684.4,1612896.35,4112,3721,4050,3935,3557,3382,3925,4075,4663,4258,3256,3473,3768,3785,3609,3485,3466,3120,2038,1720,50,28,39,38,34,26,40,36,43,28,24,37,41,23,31,19,25,18,8,20,NA,20,20,5,75,10,NA,NA
"92A","NHS SURREY HEARTLANDS CCG","Rolling 12 month",7170,10530,10450,13885,0.110455593221978,0.113066537182587,0.115559886045371,0.108500358820817,0.113092990952649,132453674.911,146716156.24696,158137463.819244,176675000,184153346.53,10239714.3188,14290791.0334,15296488.0472,14834000,16512106.162,1559525.64792,1122734.29162,1201995.72146,1386000,1419445.1667,1340,1380,1471,1753,1579,1522,1447,1319,1346,1227,1492,1655,1366,1620,1690,1830,1912,1675,1354,972,8,22,10,16,9,15,11,8,10,14,13,11,18,14,12,9,11,8,7,13,NA,15,NA,5,NA,NA,20,20
"92G","NHS BATH AND NORTH EAST SOMERSET, SWINDON AND WILTSHIRE CCG","Rolling 12 month",4925,5250,7190,8070,0.109307873511003,0.11716111694752,0.121903535701875,0.115742070175151,0.123940353349337,120810000,130455740.370905,143651857.892304,152640872.568581,163452784.74,10724000,11632616.46,12103778.11,13606189.2869429,16569898.914,683000,455570,462044,472390.098892102,817833.12194,1416,1472,1945,1949,2281,1782,2167,2127,2182,1726,1689,1767,1509,1058,1652,1807,1730,1409,970,814,16,20,26,27,31,27,26,18,14,17,17,13,8,17,11,13,18,16,6,11,20,NA,NA,NA,NA,NA,NA,NA
"93C","NHS NORTH CENTRAL LONDON CCG","Rolling 12 month",11880,12335,15490,15885,0.15605365542556,0.168101799578625,0.162486068582569,0.138003555249232,0.143468500164235,308571247.064,334275471.516084,341642882.829572,353511527.16226,367510594.21,23433489.9139,31390507.8618466,35129335.0694458,37879837.996,40246409.962,1878439.11539,1833006.45531485,2013668.86746243,2155838.7031,2396157.8966,4675,4787,5134,5452,4162,4148,3911,4508,5069,4383,4867,4633,4431,4431,3816,3536,3526,2093,2834,2641,34,41,43,32,33,28,33,38,36,36,37,33,44,29,16,24,23,10,20,27,NA,NA,10,10,NA,NA,NA,NA
"97R","NHS EAST SUSSEX CCG","Rolling 12 month",3065,3665,4180,7220,0.11081935158035,0.112336871196448,0.116284355188899,0.0942743926204677,0.103320828760946,84573022.943,85590023.84893,93635069.9069813,99517589.7569,109067155.61,6178720.0073,5465791.6498,5798310.2188,7460723.3826017,7999987.9187,35000,117582,119000,548975.733676104,465337.84052,1207,997,1431,1116,691,450,751,612,574,418,357,481,668,825,729,690,874,791,883,773,9,12,10,9,5,NA,NA,5,NA,5,8,14,7,9,NA,9,NA,5,7,NA,NA,NA,NA,5,45,NA,NA,NA
"A3A8R","NHS NORTH EAST LONDON CCG","Rolling 12 month",13880,17300,18430,21885,0.125825102108176,0.132141751928099,0.131065430906627,0.117792692887748,0.124201544703101,330934088.261,341017822.77559,359569621.504752,379297813.638252,399934607.16,28388400.612,27438257.4528336,33023335.8514588,37567449.7624805,38880593.245,1178819,1169988.27871803,1020617.28982183,1533563.71591689,2494298.3715,3366,3213,3405,3632,3597,3690,3971,4357,5339,4987,4503,4552,3512,4557,4503,3857,3980,3104,3464,3139,50,41,38,50,54,48,56,56,56,56,48,55,29,55,54,45,36,33,32,32,NA,NA,45,515,290,50,50,NA
"W2U3Z","NHS NORTH WEST LONDON CCG","Rolling 12 month",11805,13580,15160,17160,0.12594386541343,0.153573738289975,0.152363973706765,0.134397977538526,0.142549895624306,417853529.976,436392831.11872,455444257.10863,488091603.983402,517696832.03,16562783.5711,33387480.8823248,35879957.1486023,39369751.7205266,41302176.004,998390.18382,1053612.09155998,1300415.51150156,1776018.94422558,1880578.7718,5745,4590,4199,4080,4780,5458,6429,6395,6024,4193,4859,5408,3770,3449,3895,4031,4234,4093,3721,3518,57,37,53,36,57,64,60,65,41,33,49,39,32,41,38,28,28,22,30,31,NA,NA,75,80,135,45,20,85
"M1J4Y","NHS BEDFORDSHIRE, LUTON AND MILTON KEYNES CCG","Rolling 12 month",11305,12975,15110,17170,0.129146003630377,0.141720776345296,0.142909744117797,0.133648523164742,0.14140453198096,156513646.378,165197389.83,176814938,192476389.810025,203646349.2,12927874,12745000,14099146,16431622.5263879,17652989.61,474000,711000,960762,1181142.437753,1830556.713,2293,2674,3009,2830,2624,2223,2948,3248,3054,2422,2417,2252,2279,3054,2387,2623,2654,2332,2373,1498,40,23,39,33,30,31,37,36,31,19,30,28,28,23,24,29,18,14,11,14,10,NA,20,50,115,85,90,115
"B2M3M","NHS COVENTRY AND WARWICKSHIRE CCG","Rolling 12 month",5915,6805,7850,9580,0.116119405218458,0.170926287576141,0.167340365611653,0.15639040535356,0.164830285069581,185919823.74,201392360,208645322.736308,231597665.615409,244096235.69,7395723.316,10048440,11849809.6704,12971319.129882,13555202.616,761016.91255,1117960,710130,854804.61372,1061762.7454,2983,3540,4219,3614,4295,4163,4155,3920,3131,2956,3230,3253,2361,2464,2250,2398,2582,2357,1864,2046,22,32,34,19,28,18,17,17,21,18,19,20,17,21,15,11,21,8,7,16,10,75,30,190,NA,NA,15,5
"M2L0M","NHS SHROPSHIRE, TELFORD AND WREKIN CCG","Rolling 12 month",3195,3430,4860,4925,0.12594386541343,0.110755322079251,0.128073725533217,0.11350827590568,0.119731517774271,65472000,67551000,82533654.429292,90438584.57544,95397000,4962000,5236000,5651665.298,6386436.964,6599000,480000,385000,378223.57797,394898.06566,471000,1045,946,1396,1123,839,942,1063,957,1128,1234,903,826,665,1102,1135,1004,728,423,483,608,10,9,12,8,8,6,6,13,8,8,5,NA,9,10,8,8,NA,NA,NA,NA,NA,20,25,10,215,85,80,50
"D2P2L","NHS BLACK COUNTRY AND WEST BIRMINGHAM CCG","Rolling 12 month",9775,10545,14725,15950,0.111506026266708,0.145030433343188,0.147635142198085,0.145886244443152,0.15228319874905,254940329.299,270095687.171486,291879105.17988,334206461.15026,348861053.63,21015111.6175,23806890.2964727,24556584.536945,26904389.6840837,29926821.635,1923896.32592,1531942.1281804,1589864.33617683,1638364.77076987,1687385.766,2579,2692,2762,2602,2483,2150,2007,1762,1540,1487,1380,1453,1605,1857,1901,1447,1069,646,704,910,18,20,19,15,17,17,9,11,12,9,7,16,11,17,14,9,7,NA,5,7,NA,90,NA,15,20,NA,NA,NA
"X2C4Y","NHS KIRKLEES CCG","Rolling 12 month",5280,5755,0,6930,0.153716572755293,0.150206910136544,0.151724628758946,0.154790294830938,0.161263792431428,81885942.187,82636031.1977996,88091167.7328151,94643694.6393114,98601796.346,3495518.442674,4081902.1317,4192000,4491000,4580602.5805,209000,211000,219286.423249,228225.5272,252563.03364,453,486,701,493,742,588,575,585,859,668,576,731,443,685,586,773,749,327,611,428,7,NA,7,NA,7,7,NA,7,8,NA,5,5,7,9,8,NA,7,6,NA,NA,NA,NA,NA,NA,45,NA,45,70
"D9Y0V","NHS HAMPSHIRE, SOUTHAMPTON AND ISLE OF WIGHT CCG","Rolling 12 month",10645,14420,0,18100,0.157993636311736,0.133468761685141,0.137053484307891,0.125087438970164,0.132455681967647,253878271.76,267848981.54383,290159906.17928,313852009.13489,332339379.95,16929034.96,18772411.6415,20670537.0228,21697572.3932,23441034.24,1682144,1779515.60847,1809030.8,2048666.66667,2066724.5963,3126,3312,3733,3303,2893,3376,3733,3954,3235,3199,3054,2871,2461,1841,1762,1850,2182,2291,2087,1769,18,21,23,7,36,39,35,30,26,27,27,27,23,21,16,18,10,20,17,19,NA,NA,NA,NA,15,NA,15,NA
"D4U1Y","NHS FRIMLEY CCG","Rolling 12 month",5745,6515,7860,8320,0.12594386541343,0.134937823682474,0.136030970883794,0.127960195499789,0.138053470280353,116636405.952,122886796.52504,130580209.88048,136695957.762807,147478294.08,10618788.15,11090272.9151036,12195327.2215525,14245388.5341815,15206727.677,821000,928586.529282848,1069060.13876912,1347814.4320412,1468190.7043,888,1225,976,983,902,1188,1123,996,1081,979,1286,1080,1155,902,976,951,708,545,780,602,10,12,10,9,14,19,13,11,12,10,12,10,15,6,14,9,NA,NA,8,5,180,15,NA,NA,NA,NA,NA,25
