"ccg","org_cd","pop_2019","pop_2020","region","access_2021","access_2122","mhspend_allages_1718","mhspend_allages_1819","mhspend_allages_1920","mhspend_allages_2021","mhspend_allages_2122","mhspend_perc_allocation_1718","mhspend_perc_allocation_1819","mhspend_perc_allocation_1920","mhspend_perc_allocation_2021","mhspend_perc_allocation_2122","mhspend_cyp_1718","mhspend_cyp_1819","mhspend_cyp_1920","mhspend_cyp_2021","mhspend_cyp_2122","EDspend_1718","EDspend_1819","EDspend_1920","EDspend_2021","EDspend_2122","number_referred","avg_wait_2122","perc_closed_2122","Q1.2017.18","Q2.2017.18","Q3.2017.18","Q4.2017.18","Q1.2018.19","Q2.2018.19","Q3.2018.19","Q4.2018.19","Q1.2019.20","Q2.2019.20","Q3.2019.20","Q4.2019.20","Q1.2020.21","Q2.2020.21","Q3.2020.21","Q4.2020.21","Q1.2021.22","Q2.2021.22","Q3.2021.22","Q4.2021.22","Q1.2017.18.1","Q2.2017.18.1","Q3.2017.18.1","Q4.2017.18.1","Q1.2018.19.1","Q2.2018.19.1","Q3.2018.19.1","Q4.2018.19.1","Q1.2019.20.1","Q2.2019.20.1","Q3.2019.20.1","Q4.2019.20.1","Q1.2020.21.1","Q2.2020.21.1","Q3.2020.21.1","Q4.2020.21.1","Q1.2021.22.1","Q2.2021.22.1","Q3.2021.22.1","Q4.2021.22.1","Q1.2020.21.2","Q2.2020.21.2","Q3.2020.21.2","Q4.2020.21.2","Q1.2021.22.2","Q2.2021.22.2","Q3.2021.22.2","Q4.2021.22.2"
"NHS BLACKBURN WITH DARWEN CCG","00Q",38742,38653,"North West",1535,1940,29706000,31704000,37041000,39571000,44805000,0.130278046,0.1387927,0.153363641,0.15810383,0.179015999,1741000,1707000,1861000,2296000,2802000,302000,198000,207000,213000,243000,3095,18,46,238,185,"179","181","67",49,92,"82","45","138",205,"267","280","200","173",197,"21","22","93","76","","","","","","","","","","","","","","","","","","","","","*","*","*","*","*","*","*","*"
"NHS BLACKPOOL CCG","00R",29215,29110,"North West",1635,1870,35969102.26,40947800,46816111,51825168.27,53404000,0.129422094,0.154524082,0.158331567,0.075178108,0.077468377,2018270,651000,2990079,2821074,2995000,0,180000,107996,122138,156000,2730,53,36,447,213,"283","92","91",114,140,"183","147","171",221,"136","177","5","21",57,"107","94","178","74","6","*","7","6","*","*","*","*","*","*","*","5","*","*","*","*","*","*","*","*","*","*","*","*","25","*","*","*"
"NHS CHORLEY AND SOUTH RIBBLE CCG","00X",37075,37336,"North West",1610,1575,29654000,35227000,40059000,43804110,51128290.58,0.121883452,0.145286949,0.156461522,0.164388363,0.191874598,1544000,1714000,1992000,2688321.671,3167790.3,95000,97000,99000,188165.0311,203537,2295,28,39,471,382,"510","409","339",192,169,"10","*","*",79,"*","132","137","263",236,"200","240","133","122","*","*","*","*","*","6","5","*","*","*","5","*","*","*","*","*","*","*","*","*","*","*","*","*","*","*","*","*"
"NHS EAST LANCASHIRE CCG","01A",86075,86445,"North West",3015,3610,68237000,80370000,82925683,92469318.2,95144922,0.122006472,0.145630276,0.143184909,0.15277528,0.15719584,4962000,4834000,5306268,6381185,7048328,729000,729000,749737,500906,563019,4485,17,36,197,384,"532","683","405",272,242,"423","376","147",273,"408","343","379","312",249,"360","83","181","137","5","*","*","*","*","*","*","*","*","*","*","*","*","*","*","*","*","*","*","*","*","*","*","*","*","*","*","*"
"NHS FYLDE AND WYRE CCG","02M",34384,34807,"North West",1150,1395,30670000,34174000,36743748,43173499.97,44542182.19,0.134635645,0.130227347,0.132721739,0.146453417,0.151096269,1203000,1380000,2610387,2790165,3009840.92,0,91000,172057,194580,219663.3416,1690,56,21,152,220,"314","319","156",222,199,"184","270","141",100,"130","155","166","56",124,"9","174","182","292","*","7","11","8","7","*","5","6","5","*","5","7","*","8","5","7","*","*","*","*","*","*","*","*","*","*","*","*"
"NHS GREATER PRESTON CCG","01E",43993,44344,"North West",1475,1655,33863000,35594000,39643000,45549687,50318218.02,0.1241681,0.13368036,0.1419441,0.155438273,0.171710882,1538000,1661000,1961000,2543883.045,2810257.09,113000,116000,118000,214925.1282,233783,2130,39,37,191,209,"166","247","146",251,289,"422","348","312",192,"294","182","241","281",234,"103","185","205","223","*","*","*","*","5","*","*","*","*","*","*","*","*","*","*","*","*","*","*","*","*","*","*","*","10","5","*","*"
"NHS MORECAMBE BAY CCG","01K",60862,61104,"North West",2315,3280,71021000,64051000,62134000,71461519.27,74546999,0.139367263,0.131385858,0.121052365,0.130246719,0.135870355,1090000,3791000,4e+06,4564031,4691414,67000,60000,313000,776120,826869,4400,50,33,834,1167,"1041","848","438",334,368,"447","606","485",370,"278","455","483","368",333,"278","260","139","185","7","5","*","*","*","*","5","5","7","*","*","*","*","*","*","*","*","*","*","*","*","5","*","*","*","*","*","*"
"NHS WEST LANCASHIRE CCG","02G",22146,22254,"North West",1105,1385,19955360,20245486.11,21122925,24407436.04,25613464.5,0.131274036,0.132769475,0.131886395,0.144478613,0.151617639,1175460.387,1153380.663,1508794,1688883.482,1795059.689,0,82618.4,86872,128414.7304,139802.4173,1540,37,28,182,283,"176","215","272",260,140,"319","334","228",266,"124","98","93","*",41,"13","29","*","88","11","8","9","5","*","6","*","*","10","*","5","*","*","10","6","12","*","*","*","*","*","*","*","*","*","*","*","*"
"NHS BARNSLEY CCG","02P",51083,51621,"North East and Yorkshire",1855,1970,50987000,52966536,57263000,59791158,64069000,0.132801471,0.140345882,0.143458045,0.142161155,0.152332274,4305000,4745064,5817000,3958262,4507000,143000,146577,229000,200887,198000,2410,23,24,437,486,"756","608","753",864,811,"810","925","830",912,"814","812","876","783",647,"699","747","582","759","*","*","*","*","*","*","*","*","*","*","*","*","*","*","*","*","*","*","*","*","*","25","35","10","45","5","*","*"
"NHS BASSETLAW CCG","02Q",23500,23828,"North East and Yorkshire",540,650,20788000,21828000,23077056,24157000,26120000,0.128241035,0.136652184,0.137059125,0.136900001,0.148024507,1347000,1374000,1379000,1479000,1504000,124000,121000,119000,121000,185000,1365,44,42,289,336,"293","184","100",148,129,"93","108","60",369,"187","91","18","150",152,"93","92","264","385","*","9","5","*","10","9","5","8","5","8","*","10","7","11","*","6","6","*","5","9","*","*","*","*","*","*","*","*"
"NHS DONCASTER CCG","02X",66918,67362,"North East and Yorkshire",1905,2235,79365000,83457000,90990000,93334000,95886000,0.173995221,0.184816019,0.191455919,0.188475093,0.193628504,3052000,4923000,5259000,2796000,2266000,173000,173000,182000,138000,216000,3035,20,35,969,573,"395","551","492",266,609,"460","502","509",450,"320","182","133","92",45,"340","243","399","505","6","*","*","*","*","*","*","*","*","*","*","*","*","*","*","*","*","*","*","*","*","*","*","*","*","25","*","*"
"NHS ROTHERHAM CCG","03L",57522,57453,"North East and Yorkshire",2680,2865,52114391.75,56071000,58544747.98,58918580.84,65497750.69,0.139135706,0.154146655,0.152779766,0.144425796,0.160553167,2898990.085,3201208.033,3382787.263,2570600.23,2673441.032,139002.3716,139000.0004,139000.0005,94173.71517,78687.62911,4595,29,32,196,195,"189","342","728",449,275,"315","326","466",405,"315","115","231","297",354,"298","348","300","161","9","*","*","*","*","*","5","*","*","*","*","*","*","*","*","*","*","*","*","*","*","*","*","*","50","*","*","*"
"NHS SHEFFIELD CCG","03N",117736,118398,"North East and Yorkshire",2935,2845,139713380.4,140895823.6,151514472.9,143485812.5,159458533.2,0.179822945,0.184057729,0.18804551,0.140978533,0.156672146,4373745.02,5235204.765,7520676.301,8632623.322,8942887.929,428128,430403.6946,376732.0987,364644.7389,426174.6703,5705,40,45,2283,1555,"778","987","1186",976,1370,"1718","1515","1439",1125,"1277","1144","1167","1112",1137,"1347","1292","1309","1064","*","*","*","*","10","*","*","*","*","*","*","*","*","*","*","*","*","*","*","*","*","*","*","*","*","*","*","*"
"NHS BASILDON AND BRENTWOOD CCG","99E",59980,60545,"East of England",1440,1880,43004000,48157000,50260000,52309100,52052000,0.131491804,0.138026013,0.136207439,0.138101676,0.137422904,2698000,2865000,3408000,3405000,3922000,141000,103000,113000,101000,234000,3280,37,35,536,604,"673","414","485",517,639,"508","769","627",914,"663","398","468","470",465,"808","577","777","675","15","6","7","12","14","12","14","14","13","*","5","13","6","13","10","8","*","6","10","6","*","*","*","*","*","*","*","*"
"NHS CASTLE POINT AND ROCHFORD CCG","99F",34322,34588,"East of England",840,1020,24987000,21524000,25092315,28139000,31922000,0.108294941,0.092156586,0.10181462,0.107317729,0.121745498,1192000,1588000,1562802,2335000,2060000,95000,95000,94172,99000,152000,1550,18,41,554,394,"193","286","488",332,194,"185","391","424",436,"586","561","663","448",393,"202","81","119","141","16","13","10","*","9","6","9","11","10","9","14","*","10","*","5","10","10","*","*","*","*","*","*","*","*","*","*","*"
"NHS MID ESSEX CCG","06Q",82683,83197,"East of England",2270,2805,51682000,54719640.23,59930000,63596000,66908225,0.119731264,0.118278723,0.122765114,0.091337141,0.096094188,2561000,2933910,3311000,4128000,3643909.753,188000,187395,192000,0,298446.869,3705,14,36,1131,1304,"892","1125","1048",704,502,"682","535","681",756,"743","381","566","793",531,"630","592","589","893","14","*","*","6","6","*","*","5","6","*","6","11","5","7","*","*","*","*","*","*","*","*","*","*","25","*","*","20"
"NHS SOUTHEND CCG","99G",39738,39736,"East of England",1245,1405,35406000,37899000,41455554,45255858,48004000,0.150545956,0.15408603,0.159413782,0.164879838,0.174892093,1356000,1691000,1757534,1969829,2308000,1e+05,1e+05,1e+05,170982,151000,2020,20,39,461,445,"244","88","233",117,420,"418","487","397",504,"487","187","358","518",381,"579","416","503","375","13","9","12","13","9","7","5","10","6","11","8","6","5","8","5","*","*","5","*","5","*","*","*","*","*","*","*","*"
"NHS THURROCK CCG","07G",44650,45381,"East of England",1180,1350,25008213.73,24497000,27363354.22,29049161.67,29965499.75,0.121024104,0.115732036,0.121890108,0.124478795,0.128405403,1112955,1556000,1927567.306,2073404.439,2300779.809,185000,82000,117874.4786,297875.0142,346512.0758,2095,17,31,278,196,"309","567","532",297,193,"164","168","127",191,"147","115","437","257",411,"72","147","*","24","11","10","*","5","*","*","5","6","5","*","6","6","*","5","5","9","*","*","*","*","45","*","*","*","*","*","*","*"
"NHS Birmingham and Solihull CCG","15E",288375,288342,"Midlands",8610,9530,258929296.5,274792000,296230000,313363769.6,331762000,0.159378429,0.170067707,0.173556063,0.158402874,0.167703032,22850890.11,23696000,21752000,24684523.41,26483000,1486034.375,1453000,1514000,1633478,1859000,17380,36,44,2589,2759,"3062","3253","2792",2781,2657,"2684","3097","2752",3397,"3061","2460","2516","2564",2398,"2269","1552","2076","2410","*","*","7","6","6","*","*","5","*","*","5","*","6","*","5","*","*","*","*","*","*","5","*","*","*","*","*","*"
"NHS NEWCASTLE GATESHEAD CCG","13T",97838,98123,"North East and Yorkshire",4885,4845,114342235.2,121512444.5,131846431,139114111.9,145620465.5,0.156160866,0.166275234,0.171360211,0.149363689,0.156349414,8181487.983,8694097.853,8040665.683,8407856.272,8475538.642,285589.7976,288666.3901,304761.7058,313295.0335,317305.8856,7035,57,28,1019,907,"967","572","698",643,468,"611","571","576",583,"564","482","595","469",460,"91","92","132","180","32","25","26","27","32","23","22","25","23","22","23","15","23","19","20","13","19","15","21","21","*","*","*","*","15","*","*","10"
"NHS NORTH CUMBRIA CCG","01H",59996,60041,"North East and Yorkshire",2590,2705,59453000,58957508.31,61484054.97,65641970,71028000,0.133750051,0.128734368,0.128021903,0.10666845,0.115420769,4094778.073,3737272.354,4204216.329,5259670.664,6210262.7,0,270000,227748.5263,239191.519,244082.8,4855,55,50,491,412,"354","500","535",450,545,"593","601","386",471,"437","177","215","91",56,"91","92","139","90","6","6","9","6","9","5","*","10","5","8","7","8","6","6","9","10","5","*","*","*","*","*","*","*","*","*","*","*"
"NHS NORTH TYNESIDE CCG","99C",41851,42017,"North East and Yorkshire",2160,2275,42343866.83,48383181.2,49680984.53,53420799.86,56262511.77,0.141882831,0.150246195,0.14672167,0.156694484,0.165029825,2610294.311,2697313.987,2984190.686,3260752.172,3045154.477,208380.3672,271692.8131,243439.3178,209678.7623,191474.4686,2445,43,25,284,330,"229","590","364",324,379,"325","329","256",112,"254","204","163","73",130,"*","*","252","90","*","*","*","6","12","10","6","5","10","6","7","9","5","6","*","*","*","*","*","*","*","*","*","*","*","*","*","*"
"NHS NORTHUMBERLAND CCG","00L",59050,58801,"North East and Yorkshire",3970,4275,85316000,84108528.75,86940000,90960000,118858387.4,0.199898078,0.17986243,0.176997636,0.174228662,0.227666423,3362000,4166450.502,4449000,4484000,5378305.724,295000,339482.9686,421000,427000,610840.6091,4140,34,36,821,929,"772","566","201",201,210,"233","162","147",154,"76","*","20","79",127,"*","*","64","*","*","*","*","*","*","*","*","*","*","*","*","5","*","*","*","5","7","6","5","*","*","*","*","*","*","*","*","*"
"NHS SOUTH TYNESIDE CCG","00N",30168,30255,"North East and Yorkshire",2545,3215,38409689.38,42587000,45995456.42,48663145.55,50385000,0.152740643,0.1699415,0.174579001,0.171280773,0.177341223,3411606.882,3522000,3627811.679,4103854.815,4113000,102394.2624,102000,101970.5725,38682.81432,74000,3480,54,22,232,425,"349","171","91",91,71,"90","163","211",233,"147","237","344","202",150,"*","*","145","90","8","6","*","*","*","*","*","*","*","*","*","*","*","*","*","*","6","*","*","*","*","*","*","*","*","*","*","*"
"NHS SUNDERLAND CCG","00P",54849,54965,"North East and Yorkshire",3990,4115,73086000,75474559,80805053,81488123.46,88135229.78,0.151446863,0.168482032,0.172064394,0.1648347,0.178280509,3937000,5028957.679,5737267.39,5936887.48,6282148.106,211000,210897.1223,217870.558,263460.141,268650.9356,5415,80,31,921,1034,"834","1392","856",571,589,"447","237","201",324,"477","192","275","332",240,"*","*","*","*","*","*","*","*","*","*","*","*","*","*","*","*","*","7","*","*","*","*","*","*","*","*","*","*","*","*","*","*"
"NHS DERBY AND DERBYSHIRE CCG","15M",207451,207752,"Midlands",7460,9065,188014839.7,186409630.4,193077988.6,211189431.8,226785072.7,0.139759416,0.135287569,0.132911393,0.122887951,0.13196282,8658000,10965976.86,15958917.05,13523999.07,14493584.52,641000,695246.5117,762745.7179,1013721.889,1018685.438,13670,44,25,1856,1481,"1673","1628","2035",1781,1335,"1361","1296","1366",1601,"1643","1328","1702","1977",2198,"1810","1803","1765","1931","9","*","9","6","*","8","*","*","*","7","8","*","5","6","7","*","*","*","*","*","*","*","*","*","*","*","90","30"
"NHS IPSWICH AND EAST SUFFOLK CCG","06L",82917,83072,"East of England",2835,3800,72783297.47,74543672,66266915.99,78034234.34,83251942.05,0.151147282,0.154140692,0.129905328,0.148355744,0.158275453,5096041.618,6102264.304,5677967.762,5470329.208,5498576.565,364930.2967,368000,428793.5616,446931.0656,581581.281,5760,53,36,728,575,"711","841","456",410,604,"1086","1140","925",801,"744","673","413","739",968,"452","298","483","353","14","17","14","20","28","15","12","12","17","13","13","14","13","12","23","16","12","13","11","11","*","*","*","5","*","*","*","5"
"NHS NORTH EAST ESSEX CCG","06T",67286,68010,"East of England",2485,3120,51150000,53795475.16,58956910.48,63982836.95,66987214.02,0.109128824,0.114824185,0.118637271,0.091376746,0.095667431,3283000,3837094.506,4081383,4266195.622,4380880.053,187000,186907,191766,317438,307418,4385,20,35,1705,1049,"1030","748","565",824,867,"657","769","647",594,"1034","867","695","669",445,"504","449","474","685","14","5","8","6","6","*","12","12","8","13","7","5","7","6","7","9","*","*","*","*","*","*","10","*","*","30","*","5"
"NHS WEST SUFFOLK CCG","07K",48058,47279,"East of England",1670,2285,39006280.4,40230000,36179662.17,41136900.06,43749037.09,0.127385139,0.130726388,0.111374126,0.122921155,0.130726481,2803446.035,3827681.916,3052263.238,2898686.61,2798304.982,194102.4016,194000,227738.5944,234545.9877,308379.341,3360,55,35,669,394,"487","595","553",484,582,"524","407","360",466,"459","179","327","283",291,"315","359","287","365","29","9","12","*","9","8","5","8","8","5","7","10","5","6","8","5","*","6","*","5","*","*","*","65","90","110","*","*"
"NHS DEVON CCG","15N",225331,226851,"South West",8525,8575,259609836.7,250886033.4,276489067.5,303593751.6,321910414.2,0.139759416,0.156464243,0.163557319,0.150289986,0.159357402,24133608.09,14605266.7,15303616.27,15986523.58,16631353.32,1650807.993,1535108.2,1933924.622,1938760.186,2530888.74,13750,51,25,1455,1921,"1846","2104","2156",2272,2494,"2476","2526","2350",2996,"2826","2115","2064","1632",1584,"1298","1011","1123","1010","*","7","9","*","*","5","7","*","*","*","5","*","*","6","*","*","6","*","*","*","*","*","*","*","*","*","*","*"
"NHS EAST LEICESTERSHIRE AND RUTLAND CCG","03W",69178,69736,"Midlands",2215,2280,44187479.51,53008106.59,58035417.13,59687957.2,61325850.16,0.118277661,0.141924541,0.147311847,0.142738093,0.146654959,2203561.37,2402218.356,2663956.475,3466855.983,3453943.15,406620.006,165025.8861,194781.9491,282817.3227,423675.5219,3215,15,29,334,447,"829","856","850",574,660,"702","1102","880",731,"572","370","366","211",316,"417","260","259","209","30","18","20","25","30","20","24","18","22","23","27","23","24","13","12","9","5","8","8","8","*","*","*","*","*","*","*","*"
"NHS LEICESTER CITY CCG","04C",84082,84069,"Midlands",1905,2770,77479474.62,79579090.04,83359978.89,93742136.06,101677426,0.17135533,0.177321585,0.175553087,0.144393317,0.156616239,2254000,3596075.559,5710819.629,6418458.979,7055572.614,380000,341711.1133,433401.5278,522582.3382,782856.3779,4005,13,21,560,399,"430","612","387",433,684,"675","556","400",764,"863","672","566","412",282,"842","539","517","614","*","11","10","10","9","*","5","8","7","*","7","7","*","*","*","*","7","*","*","*","*","*","*","*","*","20","*","*"
"NHS WEST LEICESTERSHIRE CCG","04V",80536,81457,"Midlands",2655,3535,65003000,62081215.36,62935058.05,68149899.29,73347269.72,0.150440515,0.143679245,0.137581914,0.139384025,0.150013981,3250000,3161582.102,3715774.501,4044560.038,4050768.859,265000,238999.7468,280475.2737,331587.3391,496735.6229,4250,13,21,779,483,"547","284","289",619,890,"1024","930","527",355,"437","225","456","416",316,"350","447","516","669","9","6","7","7","9","5","14","10","6","9","12","12","*","5","*","*","9","6","*","7","*","*","*","5","40","20","*","*"
"NHS EAST AND NORTH HERTFORDSHIRE CCG","06K",126124,127116,"East of England",2895,3065,89699494,90580000,96551570,101447110,106934034.1,0.122853206,0.123354233,0.124377408,0.123844662,0.130542993,6031000,7304000,8314000,8865611.403,10110119.08,340000,432000,475000,591864.0016,915878.1738,6155,37,46,1284,1610,"1539","1096","1207",1006,1093,"1017","1108","1172",1248,"1175","1155","1108","1308",1219,"1166","861","1057","1019","7","9","9","5","10","10","15","13","10","6","7","11","5","*","5","*","5","5","*","8","*","*","*","*","*","*","40","*"
"NHS HERTS VALLEYS CCG","06N",142204,143287,"East of England",3825,4860,93967000,96379991,102673509.8,107685638,111643118.6,0.122789342,0.123762587,0.124687151,0.126729256,0.131386596,6406000,8709000,8606406.945,10544777.47,10796543.51,377000,673000,961734.3186,906670.3994,1195077.033,8400,40,36,1932,1392,"1677","2059","2451",1669,1469,"1208","1329","1546",1294,"1314","1227","1693","1730",1417,"1400","1799","1821","1779","24","21","17","23","18","23","26","17","17","20","16","24","17","13","14","8","7","9","5","8","*","*","*","*","*","*","*","*"
"NHS WEST ESSEX CCG","07H",69892,70703,"East of England",1685,1845,43795000,45164000,46739943.91,49627520,51935016,0.11203643,0.114831417,0.112361847,0.082321615,0.086149265,2864000,3749320,4234766.319,4684720,4782000,160000,159410,164710.124,188980,254000,2770,24,41,497,692,"737","740","621",898,1000,"1208","899","613",689,"652","511","183","254",202,"204","208","431","494","18","15","21","27","24","17","26","19","23","16","18","25","21","25","16","19","19","13","6","13","10","*","*","*","*","*","*","*"
"NHS CANNOCK CHASE CCG","04Y",27276,27508,"Midlands",820,1110,26682623.23,27024227.35,29145022.26,28900205.99,29784037.93,0.193382703,0.157731101,0.161687733,0.144200483,0.148610452,2106083.677,2531554.167,3246702.654,3341220.75,1962435.667,147150.6963,176878.0426,223290.4756,224578.3504,178088.213,1785,65,44,131,118,"127","69","88",28,132,"156","96","192",106,"78","57","92","189",211,"130","99","61","59","9","*","7","*","8","9","6","8","5","*","*","*","*","*","*","*","*","*","*","6","*","*","*","*","5","*","*","*"
"NHS EAST STAFFORDSHIRE CCG","05D",28082,28386,"Midlands",930,1045,21291000,19620308.73,19547795.47,22970225.28,25114389.46,0.137210801,0.120264484,0.112918629,0.123224421,0.13472685,870000,2540790.569,3044641.973,3113063.571,1868561.831,68000,123913.4278,145773.967,149924.1367,170535.3714,1395,50,38,66,195,"131","178","201",292,156,"58","*","*",25,"189","82","126","235",243,"152","204","191","81","*","*","*","*","*","*","*","*","*","*","*","*","*","*","*","*","*","*","*","*","*","*","*","*","20","*","*","10"
"NHS NORTH STAFFORDSHIRE CCG","05G",39988,39971,"Midlands",1805,2055,45700000,45276429.01,57513092.58,58427930.45,64871300.35,0.164185915,0.156513663,0.188883975,0.173906508,0.193084732,1617000,1966623.36,1162578.915,2165807.55,5388459.652,422000,475225.182,490921.383,488082.5927,497177.7624,2645,31,37,1132,738,"920","968","720",717,364,"623","811","594",311,"533","426","352","465",253,"667","632","731","368","*","*","*","*","*","*","*","*","*","*","*","5","*","*","*","*","*","*","*","*","*","*","*","*","*","*","*","*"
"NHS SOUTH EAST STAFFORDSHIRE AND SEISDON PENINSULA CCG","05Q",43828,44210,"Midlands",1365,1695,36908087.36,35866130.05,37463081.63,39418615.98,40753147.94,0.171017017,0.138518843,0.136372703,0.134145621,0.138687171,4975317.125,5079762.057,5001858.015,5130702.571,3196987.9,375942.2266,383834.2381,377947.695,384042.3993,298851.9409,2320,57,47,167,435,"328","339","288",237,397,"481","462","294",249,"304","255","404","621",451,"318","458","644","721","14","8","10","5","10","7","6","8","7","*","6","7","*","10","*","*","6","*","5","*","*","*","15","*","*","*","5","5"
"NHS STAFFORD AND SURROUNDS CCG","05V",29647,29852,"Midlands",950,1070,27836421.2,30696323.36,33329325.77,36790092.51,39542785.41,0.187942927,0.173910934,0.178653962,0.113073681,0.121534033,2722332.515,3239129.647,3416040.096,3656950.462,3069273.85,194197.8002,231063.5635,243683.484,245956.1211,270067.2955,1550,64,44,243,177,"233","236","302",182,246,"450","461","531",380,"384","334","285","293",209,"246","302","281","209","*","5","*","*","*","*","5","*","*","*","*","*","*","*","9","*","*","*","*","6","*","*","15","*","5","10","*","*"
"NHS STOKE ON TRENT CCG","05W",59275,59653,"Midlands",2825,3355,59600000,72800348.38,76891087.68,85969849.73,95375086.26,0.153171866,0.183057571,0.183620069,0.185075887,0.20532348,2825000,3721444.646,3727949.078,3055753.556,7341850.573,590000,729618.4819,560519.4446,558128.4166,675575.3824,4200,25,37,939,1073,"1152","1116","552",546,439,"184","381","632",786,"679","718","382","206",429,"473","428","317","336","*","*","*","*","*","*","*","*","*","*","*","*","*","*","*","*","*","*","*","*","*","*","*","*","*","*","*","*"
"NHS BRIGHTON AND HOVE CCG","09D",50267,50332,"South East",2075,2065,73396228.36,68177813.92,69397481.14,72440290.59,76736901.54,0.192082115,0.181270942,0.175387892,0.182588008,0.19341775,3990170.6,4228746.074,4730161.045,5828057.653,6202647.98,241893,235590.0483,250955.932,254591.7662,260900.1532,2885,72,23,682,667,"840","654","296",556,569,"340","533","684",543,"470","433","368","298",277,"467","589","571","636","11","10","14","11","7","11","*","*","8","12","7","11","12","*","*","8","*","*","*","*","*","*","20","10","*","*","*","*"
"NHS BOLTON CCG","00T",68385,68931,"North West",2295,2655,47874000,53598786.97,53076366.4,56440416,60142438.42,0.113811745,0.129885444,0.122072725,0.122721367,0.130770869,3503000,3378000,4015000,4372159.399,5374917.729,269000,269000,277000,424421.67,261007.2058,4105,60,31,1136,987,"1294","1438","1042",890,1123,"1078","964","884",875,"956","843","734","722",842,"946","1001","900","717","*","7","7","*","5","7","*","*","9","12","6","*","5","*","*","5","*","8","7","*","*","5","*","*","*","15","*","5"
"NHS BURY CCG","00V",43289,43180,"North West",1875,1725,35588000,35752821.05,38502000,43062954,49227432.8,0.132985064,0.135991408,0.139127984,0.137920077,0.15766339,1996000,2854271,3665786,4054437,4560925.284,112000,144953,148605,173110,199339,3520,33,49,386,529,"533","535","526",381,573,"705","866","836",670,"467","331","351","577",408,"468","365","317","260","14","13","14","14","9","13","21","14","9","8","15","11","9","10","13","8","7","8","12","6","*","*","*","*","*","*","*","10"
"NHS HEYWOOD, MIDDLETON AND ROCHDALE CCG","01D",53299,53846,"North West",3200,3840,41599000,40490000,42458000,45674068.43,48483553.53,0.124778633,0.12480504,0.124266105,0.124203377,0.131843325,3357000,3387000,3763000,5324863.021,5582975.86,137000,137000,145000,188797.9258,248919.0831,4290,33,31,539,672,"751","717","304",305,567,"207","261","358",581,"523","301","167","128",410,"496","424","308","204","*","5","*","*","5","*","8","7","6","10","*","*","7","9","6","5","*","*","*","5","*","*","*","*","*","*","*","*"
"NHS MANCHESTER CCG","14L",122914,123872,"North West",6765,5755,116050410.9,129830676.8,137761360.2,149250716.7,158579829.9,0.137361856,0.158779517,0.159060885,0.103966702,0.110465278,8205000,9304734.4,11076955.13,10448120.28,11895803.16,355000,365508,355500,429667,594000,11680,33,38,1385,1416,"1367","1021","647",1051,1124,"1278","1485","1547",1540,"1252","888","1099","879",1114,"1274","1336","1296","1000","9","8","5","6","*","5","11","*","8","*","5","5","*","6","*","5","*","*","*","*","*","25","5","*","*","15","*","50"
"NHS OLDHAM CCG","00Y",59592,59450,"North West",1880,2015,41855075.86,44219998.87,48847807.15,49552397.42,57054922.28,0.117929504,0.129428806,0.135393872,0.124658743,0.143532811,2759538.363,3030670.437,3298534.187,3750082.894,5186299.511,138138,157680,162944.5572,187586.634,220823.9851,3670,57,45,367,264,"286","341","413",455,431,"333","214","289",381,"454","273","317","369",254,"410","655","451","431","15","16","16","*","5","19","9","19","15","22","14","13","6","18","16","15","15","11","10","10","5","*","*","*","*","*","*","*"
"NHS SALFORD CCG","01G",57452,58442,"North West",2880,2130,51577000,55342000,60697000,64406200,67892796,0.125670664,0.13989171,0.144920027,0.183275443,0.193196964,2736000,3363000,5410000,6624000,7888534,728000,177000,161000,233000,298792,3560,29,35,757,550,"901","945","470",342,392,"591","498","390",225,"424","299","403","354",331,"194","364","264","176","6","*","5","7","9","8","5","5","*","7","*","8","8","*","5","*","*","6","*","*","*","*","*","*","5","*","*","10"
"NHS STOCKPORT CCG","01W",63518,63903,"North West",2325,2260,47952000,30208000,51294000,57858549,64304730.52,0.115031367,0.073153308,0.117821359,0.122788187,0.13646836,3242000,3354000,2547000,3006950,3736132.493,170000,170000,179000,195370,252754.0085,3045,25,44,467,332,"406","384","387",410,336,"184","191","113",225,"444","394","247","344",430,"345","375","547","659","9","*","6","*","*","*","10","10","7","*","*","7","*","7","5","*","*","5","*","5","*","*","*","*","*","*","*","*"
"NHS TAMESIDE AND GLOSSOP CCG","01Y",57355,57652,"North West",2160,2415,37611000,40273000,42375000,46612129.17,50753632.11,0.104054112,0.113350558,0.113451689,0.116898894,0.127285399,521000,2136000,2637000,3540080.453,4617737.403,144000,120000,123000,144276.0877,238342.4334,3825,40,26,1023,707,"469","369","445",317,304,"525","498","530",512,"540","394","459","507",495,"379","273","338","462","5","5","8","*","*","8","13","*","*","*","5","9","*","*","6","*","*","*","*","6","*","*","*","*","*","*","*","*"
"NHS TRAFFORD CCG","02A",56511,56626,"North West",1850,1720,32263000,32268655.95,35187000,37019845.5,40899223,0.100342114,0.104580594,0.108080464,0.103617432,0.114475693,2180000,2041417.658,2284000,2304219,3405764,167000,147570.3634,157000,209312,126300,3880,42,32,283,196,"205","457","119",77,173,"244","193","295",282,"190","211","268","291",189,"315","410","366","424","8","9","5","6","6","*","7","5","6","5","*","5","*","*","*","*","*","*","*","*","*","*","*","*","*","*","*","*"
"NHS WIGAN BOROUGH CCG","02H",68916,69384,"North West",2095,2090,53392864,48860757.84,51645251.48,55277809.55,58811102.88,0.111774202,0.105050692,0.10542386,0.107756268,0.114643923,3546000,2726281.162,3332600.934,3819804.075,4444821.19,269000,205844.0821,213720.2316,214292.6104,233099.6277,4860,35,46,676,568,"442","408","297",479,580,"426","603","568",274,"315","378","345","258",417,"504","604","643","558","8","*","8","6","*","*","7","*","7","*","*","*","*","*","*","*","*","*","*","*","*","*","*","*","*","*","*","*"
"NHS EAST RIDING OF YORKSHIRE CCG","02Y",58816,59023,"North East and Yorkshire",1510,1680,53613661.8,55625705.45,59015861.42,62398248.29,64351000,0.139187936,0.141964238,0.14320519,0.142025003,0.146469672,2919816.301,3062942.47,3287361.584,3731141.722,3721000,259470.0978,266500,276900.8288,277353.3252,279000,3360,28,43,673,554,"470","695","642",386,195,"528","892","1192",1064,"971","1014","883","755",758,"531","173","390","486","9","6","*","7","*","5","9","12","13","*","*","*","*","*","*","*","6","*","*","*","*","*","*","*","10","*","*","*"
"NHS HULL CCG","03F",57370,57585,"North East and Yorkshire",1945,2435,56214186.6,60513964.83,63102938.45,65833505.87,70488000,0.140335828,0.150903503,0.149600385,0.123724194,0.132471618,3917120,2825721.226,3769038.828,4032905.614,4049000,155850,163845.3156,161247.0952,163706.0904,167000,4725,34,40,469,469,"468","329","302",447,416,"364","435","426",84,"207","242","341","304",311,"218","310","214","296","5","*","5","5","7","*","*","12","8","13","6","8","9","*","6","7","5","*","6","7","*","*","*","*","5","30","*","*"
"NHS NORTH EAST LINCOLNSHIRE CCG","03H",34518,34460,"North East and Yorkshire",1180,1225,30675681.47,31959000,34551000,36805000,39754000,0.131585822,0.138958216,0.143014433,0.143882728,0.155411329,2880538,2764000,2882000,3211000,3301000,91000,93000,96000,96000,98000,2685,36,41,86,69,"148","134","91",99,35,"90","155","152",140,"93","*","120","92",139,"121","80","*","22","7","*","*","*","5","*","5","*","5","*","*","*","6","*","*","*","*","5","*","*","*","*","*","*","*","*","10","55"
"NHS NORTH LINCOLNSHIRE CCG","03K",35638,35677,"North East and Yorkshire",1230,1355,30063512.14,30964563.86,33948468.5,37186541.15,32085360.74,0.139119807,0.134157238,0.139906567,0.140050412,0.120838558,1637666.82,1595126.51,1623891.23,1951360.891,2339795.327,90000,90000,90000,92340,95367.7,1935,26,31,183,34,"*","*","*",20,170,"66","47","119",214,"217","218","244","236",195,"183","159","125","228","*","*","*","*","*","*","*","*","*","*","*","*","*","*","*","*","*","*","*","*","*","*","*","*","*","*","*","*"
"NHS VALE OF YORK CCG","03Q",66910,67144,"North East and Yorkshire",3095,3080,67449630.93,68006952.22,71569483.16,76333824.74,78879521.4,0.178110181,0.164942912,0.164740005,0.15761436,0.162870724,2653243.142,3372061,3937338,4508871,4051787.554,232668.4682,165536,156164,157329,182876.138,4420,29,22,1304,1517,"1264","802","629",536,492,"711","603","592",444,"421","400","347","320",346,"224","399","416","478","*","*","*","*","*","*","*","*","*","*","*","*","*","*","*","*","*","*","*","*","*","*","5","5","25","*","*","*"
"NHS GLOUCESTERSHIRE CCG","11M",128910,129562,"South West",3940,5020,81786000,91660971.3,113546365.6,102068889.9,108556665.7,0.106493084,0.120359488,0.141043151,0.10998808,0.116979221,6629000,6291480.636,6537589.211,6867648.157,8417764.937,486000,709165.3683,949798.9413,1005194.433,1032135,7950,70,28,727,995,"1008","863","893",1213,1251,"1222","1352","1209",1198,"848","626","666","571",620,"519","422","326","229","15","14","9","7","8","*","7","*","*","*","*","*","5","*","*","*","*","*","*","*","*","20","*","10","25","25","5","*"
"NHS PORTSMOUTH CCG","10R",43756,43756,"South East",1445,1490,44176967,44165000,47792000,51082493.81,54694000,0.155043351,0.157199349,0.161442006,0.160992563,0.172374655,2630000,1987788.931,2323417.097,2517613.051,2685000,109000,108790,112947.2519,212713.9235,335000,2900,65,42,175,310,"331","196","185",312,300,"500","331","612",542,"432","194","111","90",142,"130","193","290","123","8","7","5","6","14","5","12","10","9","13","11","7","6","*","*","6","*","*","*","*","*","*","*","*","*","*","*","*"
"NHS SOMERSET CCG","11X",111190,111293,"South West",2290,2695,80471000,83525000,95840000,105366000,110709000,0.111506026,0.114360002,0.124020896,0.114383773,0.120184055,5375000,5390000,6228000,6932000,7463000,284000,384000,484000,547000,689000,6340,32,42,1160,1392,"1338","997","1314",1491,1058,"924","788","826",737,"607","436","659","565",612,"242","268","311","17","*","*","5","*","*","5","*","*","*","5","*","*","*","*","*","*","*","*","*","*","*","*","*","20","50","*","*","*"
"NHS KERNOW CCG","11N",108852,109293,"South West",3375,4085,121447000,131335000,140363000,147039000,157072679.1,0.172604336,0.170002382,0.172144487,0.155553361,0.166168045,6206000,5838000,8694000,10968000,9810965.432,653000,722000,665000,709000,1091802.321,5885,45,37,1273,1392,"1269","1170","1270",1172,918,"1426","1698","1500",1329,"1178","1133","1145","969",434,"517","475","907","919","10","9","13","11","19","11","10","7","8","*","11","*","*","6","7","9","*","*","*","*","*","*","*","50","*","*","*","*"
"NHS Berkshire West CCG","15A",113021,114075,"South East",3780,4855,68716009.91,75432000,79952315.56,93748013.45,98878105.89,0.117926597,0.130422379,0.131084627,0.143481216,0.151332816,5212000,3746000,4385588.372,4956184,5337480.73,674000,2978000,2977427.082,3301055,3399155.828,8570,36,23,629,246,"375","744","899",677,572,"974","916","962",759,"906","1002","1148","1247",992,"945","700","638","606","13","12","14","17","11","12","15","15","14","15","10","20","20","10","10","7","7","9","8","12","*","*","*","*","5","*","*","5"
"NHS Buckinghamshire CCG","14Y",126312,127411,"South East",4575,4680,84587000,87482000,95072000,101205000,106438000,0.1369018,0.142736171,0.14674413,0.143615043,0.151040937,4386000,4976700,5049000,6417000,5853000,256000,256000,338000,427000,368000,7795,42,31,1046,821,"758","698","596",754,1290,"1443","1516","1550",1236,"1255","1109","970","966",967,"992","899","863","1123","*","*","6","8","6","*","8","10","6","5","6","6","17","*","7","6","6","*","5","*","*","*","*","*","*","*","*","5"
"NHS OXFORDSHIRE CCG","10Q",142659,144435,"South East",5570,5545,77313606,82019000,90395000,97585000,107719000,0.098430719,0.106111787,0.110773163,0.092510674,0.102117716,7070860,6498000,6775000,6987000,7240000,816353,828000,828000,851000,855000,7480,57,30,1679,1209,"1465","2128","1904",1507,1988,"1608","1626","1637",1332,"1403","1433","1798","1599",1508,"1514","1489","1063","737","9","6","9","7","8","8","10","14","10","10","13","6","9","7","7","9","13","5","10","10","*","*","10","*","*","*","*","10"
"NHS CAMBRIDGESHIRE AND PETERBOROUGH CCG","06H",196307,198120,"East of England",6115,5840,127917000,133757000,140987007,149454000,159147000,0.128771269,0.129366558,0.129042569,0.103761913,0.110491504,9546000,9085000,9920115,10497000,10941000,612000,612000,628000,891000,9e+05,12705,44,30,2468,2735,"2691","2294","2057",2277,2696,"2726","3106","3022",3191,"2904","1779","1324","730",611,"1910","1495","1818","1537","17","15","18","17","16","17","19","16","19","17","10","20","10","14","9","13","17","7","6","7","60","50","105","30","35","15","40","*"
"NHS Bristol, North Somerset and South Gloucestershire CCG","15C",197090,198154,"South West",4135,4585,158623745.1,145406000,154554427,166370751.7,174650896,0.144305663,0.124064965,0.124593743,0.111531263,0.117082088,9725028.18,9534000,10857000,11566119.25,12356761.44,256074.46,458000,462266,480757,532961.5613,8115,36,45,2237,1935,"1723","1934","2248",2797,3129,"2781","2700","2401",1757,"1817","1563","1699","1705",1493,"1717","1572","1195","1063","24","30","20","17","25","28","23","28","21","23","25","20","13","22","17","12","20","12","11","5","*","*","*","25","90","20","*","*"
"NHS DORSET CCG","11J",143436,144050,"South West",4670,4725,159439895.7,166582000,182298000,197207183.4,210421273,0.148958018,0.158127702,0.164070727,0.152191039,0.162388771,9439532,8431000,8798000,10148887.68,10889227.28,1301000,995000,1201000,1234793.478,1356790.65,6245,48,44,1836,1517,"2205","2660","2303",2388,2687,"2485","2977","2419",1911,"1680","1402","1704","1740",1458,"1479","1225","995","897","16","17","17","23","37","30","31","22","28","20","19","21","19","16","22","21","29","11","12","21","*","*","*","*","*","*","*","*"
"NHS CALDERDALE CCG","02T",46118,45951,"North East and Yorkshire",1375,1955,35108000,35452738.7,37651000,38914000,40840608.09,0.122442716,0.124206867,0.12518786,0.123537719,0.129653995,1752000,1755964.84,1853000,2352000,2226404.11,107000,107000,111000,111000,126775.8304,3235,26,39,352,242,"216","70","42",110,255,"200","361","303",140,"179","387","374","163",99,"14","*","216","180","17","14","27","19","19","18","31","18","16","19","11","9","16","14","13","13","7","6","7","8","5","*","*","*","*","*","*","*"
"NHS Leeds CCG","15F",169422,170581,"North East and Yorkshire",4765,6295,154044000,161277000,175199578.2,191771167.7,202883155.6,0.139759416,0.148408499,0.152855471,0.158923407,0.168132065,8695000,8884000,10057604.11,10223965.83,11036000,425000,425000,714893.0808,677031.9038,708000,9390,59,21,858,1150,"1112","1235","1064",846,844,"952","1289","1276",1056,"997","1269","1435","1488",1294,"1219","1116","1049","766","5","*","*","*","*","*","*","*","*","*","*","*","5","*","*","*","*","*","*","*","*","*","*","*","*","*","*","*"
"NHS WAKEFIELD CCG","03R",73845,74986,"North East and Yorkshire",3385,4665,71419000,74773431.55,79988000,82011000,86463000,0.135834069,0.146290438,0.148069988,0.095080392,0.100241869,4784000,7655000,8482000,9773000,10158000,193000,195000,196000,436000,442000,6785,24,21,168,481,"697","575","502",246,465,"586","528","506",510,"291","356","235","443",529,"517","365","276","157","7","6","*","9","12","6","12","6","6","11","9","7","13","13","10","*","7","6","*","*","*","*","10","*","10","25","*","*"
"NHS HALTON CCG","01F",28770,28845,"North West",755,765,24918089.6,25723286.29,27303750,28010000,30088000,0.127067232,0.127411753,0.12858263,0.124673956,0.133923242,1652671.751,1656893.125,1709000,1866000,2272000,113000,222000,229000,211000,222000,1470,25,46,61,106,"92","90","212",166,108,"163","124","23",80,"*","*","*","92",17,"*","*","53","*","*","9","8","7","*","5","5","*","*","5","*","*","*","*","*","*","*","*","*","*","*","*","*","*","*","*","*","*"
"NHS KNOWSLEY CCG","01J",33802,34437,"North West",1030,1250,36304360.41,40505000,43439000,43805087.33,48772000,0.131742145,0.147319837,0.150579418,0.145668262,0.1621851,1461246,1720000,2224173.097,1863513.944,2064000,0,140000,143560.5377,174428.2328,303000,2360,34,29,339,245,"289","285","128",116,96,"49","11","172",204,"53","26","86","7",6,"19","28","62","76","*","*","*","*","*","*","*","*","*","*","*","*","*","*","*","*","*","*","*","*","*","*","60","*","*","*","*","*"
"NHS LIVERPOOL CCG","99A",96052,96744,"North West",5970,6345,116320000,117293000,124445000,125454000,132593849.7,0.143771962,0.146251171,0.146951158,0.097987289,0.10356395,6051000,6726000,7719000,8475000,8442194.255,312000,316000,492000,598000,636346.593,9875,25,26,591,372,"580","611","473",709,462,"350","416","513",350,"352","264","391","455",498,"493","634","628","492","*","*","*","*","*","*","*","*","*","6","*","*","*","*","*","*","*","*","*","*","*","90","*","*","*","40","*","*"
"NHS SOUTH SEFTON CCG","01T",32578,32677,"North West",1075,1235,23724906.4,25802622.9,29423022,29114278.22,33450000,0.098180374,0.105761458,0.115047379,0.103278015,0.11865826,2580550,2778034.6,2660000,2998000,2877000,260260,261716,277196,105000,107000,1815,48,31,107,153,"110","158","285",222,49,"*","26","50",95,"161","5","20","76",124,"143","94","173","111","*","7","12","5","6","*","5","*","*","7","*","5","*","5","5","*","*","6","*","*","*","*","*","*","15","*","*","*"
"NHS SOUTHPORT AND FORMBY CCG","01V",21479,21421,"North West",705,790,20293860,22462510,23304090,23668916.69,25945076.02,0.117165357,0.122119344,0.120596616,0.108382997,0.118805822,894860,1088000,938000,1071000,1108000,204204,204000,82000,80000,81000,915,39,19,91,165,"223","234","88",209,287,"386","351","248",246,"270","251","238","245",196,"326","250","264","416","*","*","*","*","*","*","*","*","*","*","*","*","*","*","*","*","*","*","*","*","*","*","*","*","*","*","*","*"
"NHS ST HELENS CCG","01X",36868,36893,"North West",1555,1430,37966496.58,36496611.35,39848469.52,42283000,44832000,0.131740366,0.121066182,0.125513316,0.122018198,0.129373977,1780421.965,3434352.08,3666916.713,3024000,3249000,0,299271,181329.42,249000,285000,3205,24,48,81,49,"98","244","324",365,243,"201","358","276",214,"133","92","44","*",75,"78","93","54","196","*","*","*","6","*","*","*","*","*","*","*","6","*","*","*","*","*","*","*","*","*","*","*","*","*","*","*","*"
"NHS WARRINGTON CCG","02E",44391,44177,"North West",1575,1695,33572000,35594298,37563938.67,44558000,52923000,0.119574757,0.125846054,0.125885357,0.134407675,0.15964041,2165000,2240000,2534000,3584000,3874000,170000,238000,268000,284000,289000,3205,22,46,538,403,"565","468","517",425,366,"256","223","123",50,"100","120","245","278",422,"515","355","191","220","*","*","*","*","*","*","*","*","*","*","*","*","*","*","*","*","*","*","*","*","180","90","30","*","*","35","*","*"
"NHS WIRRAL CCG","12F",67508,67431,"North West",3910,2560,67417000,69991176.48,77003264.4,79510187.18,84190760.36,0.133691557,0.135826075,0.142169497,0.135148289,0.143104143,4472000,5641790,5701454.398,6328951.66,6460565.096,479000,224450,226530,242406.904,245415.0049,5020,30,36,833,676,"1328","1199","638",733,833,"856","1000","644",736,"786","605","739","640",1053,"822","707","864","699","*","5","6","*","5","*","*","*","*","*","*","*","*","*","*","*","*","*","*","*","*","*","*","*","*","*","*","*"
"NHS Tees Valley CCG","16C",146833,147498,"North East and Yorkshire",10175,10905,178839000,190924035.4,199465216.5,215655177.5,228159214.8,0.179320549,0.192370469,0.191111723,0.18314442,0.193763431,12888000,13978831.24,14772420.37,16772152.31,16644477.04,794000,810267.7512,931338.9025,993068.6185,1163171.378,12275,30,36,1550,1787,"1298","1151","822",771,987,"881","953","1005",1114,"1028","1090","1078","924",645,"80","7","88","*","9","12","12","7","7","*","6","12","15","7","8","9","8","7","13","8","*","5","7","*","20","5","*","*","*","*","*","*"
"NHS Herefordshire and Worcestershire CCG","18C",154908,155382,"Midlands",4770,4995,119276000,122243280.4,130974381.5,135348921.6,142601689,0.12848775,0.12957214,0.129832376,0.109701319,0.115579742,7969000,8379191.378,9071095.931,9657054.964,10259538.81,419000,404074.2143,491858.4836,581758.1174,841540.2692,7595,66,34,1322,1030,"1375","1406","2035",1424,1317,"1728","1427","1539",1796,"1654","1498","1726","1905",2220,"2087","1331","1587","1379","14","9","7","7","10","9","9","12","6","15","7","11","9","8","5","9","*","*","*","*","20","70","15","50","*","35","5","*"
"NHS Norfolk and Waveney CCG","26A",194272,194694,"East of England",6135,7690,206205158.2,190799976.6,173954467.6,192888165.4,207632850,0.157466222,0.142753982,0.123157006,0.113881402,0.122586681,8297888.5,22929566.96,24164477.25,25800095.4,27489933.12,1669190.666,915000,1968686,2178186.36,2656418.579,14985,50,36,1968,1994,"2468","2571","2289",2021,2313,"2601","2465","2593",2666,"1595","1211","1828","2032",1617,"1737","1716","1614","1793","12","11","10","11","12","*","8","13","7","10","14","13","12","15","12","8","12","11","10","9","*","*","*","*","*","*","*","45"
"NHS Cheshire CCG","27D",145946,147246,"North West",3985,2980,110340879.5,109366469.2,115020988.7,124824926.4,133861380.1,0.118520755,0.112987142,0.112832932,0.11081796,0.118840407,6523480.17,8428364.233,9174864.012,10672730.23,11926994.22,552045.06,518111.9915,773460.4803,524349.469,519988.6293,8090,53,38,1654,1155,"1265","921","694",586,840,"695","635","429",524,"927","624","666","979",1271,"1297","1253","1518","1054","22","22","26","23","14","24","16","21","24","22","21","12","12","20","13","22","11","8","9","16","*","*","*","50","10","*","*","*"
"NHS Bradford District and Craven CCG","36J",151731,151758,"North East and Yorkshire",5660,7155,101481000,107804000,120775000,128434000,135332000,0.128131524,0.135203877,0.141252023,0.142169264,0.149804965,6866000,7353000,8828000,9046000,10639000,305000,311000,324000,335000,343000,8810,36,24,735,774,"396","441","754",608,512,"399","504","678",518,"770","687","827","522",277,"316","599","739","714","15","11","19","14","8","*","10","7","6","5","10","10","*","6","14","14","11","11","11","5","*","20","*","20","55","90","45","10"
"NHS South West London CCG","36L",340658,343221,"London",9955,11230,238373376.2,255990971.4,276811082.9,286506973.1,303903707.8,0.130268513,0.133765738,0.136873381,0.120575213,0.127896553,15473403.11,17549211.12,20409931.8,19598962.73,21354369.81,1615062.914,1801234.536,1912687.811,1434410.118,1651354.255,17100,40,32,3386,3594,"3516","2720","2705",2284,1877,"1939","2471","1905",1683,"1726","951","1249","1402",1616,"2469","2003","2144","1763","13","6","*","8","6","*","*","5","8","*","7","*","*","6","5","*","*","8","5","6","45","*","*","*","*","*","*","*"
"NHS North Yorkshire CCG","42D",81258,81370,"North East and Yorkshire",3015,3055,81371264.96,88516938.63,86020992.47,93149992.98,98554521.17,0.15277173,0.161027136,0.148978349,0.132988189,0.140704114,4724207.275,4837084.722,3836241.476,4293769.643,4515463.027,224337.7177,225902.702,212534.1538,332905.1452,337221.8241,4295,38,32,789,858,"1066","1201","1070",911,699,"513","638","450",403,"82","185","363","587",434,"118","165","467","451","29","31","27","24","31","29","25","28","23","19","23","26","13","22","21","17","29","29","36","44","*","*","*","*","*","10","*","*"
"NHS Nottingham and Nottinghamshire CCG","52R",213118,213938,"Midlands",10270,10775,204989955.8,216383142,230784565.7,232855912.8,247720000,0.151386999,0.162005871,0.163590561,0.14119909,0.150212371,8976517.621,10132217.93,10916351.06,12384812,13088000,959701.982,1022389.571,1167160.29,1009007.953,1025000,15615,56,29,1898,1884,"1727","1800","1476",1600,1167,"1195","988","1065",1565,"1791","1482","1646","1624",1659,"1856","1482","1036","909","8","6","8","10","5","9","*","5","8","*","5","*","*","7","*","*","*","*","*","5","*","*","*","*","*","*","40","20"
"NHS West Sussex CCG","70F",174444,175759,"South East",4980,6395,119392000,131983766.5,147049478.9,159846847.7,169156149,0.109758248,0.114551244,0.120756055,0.116156494,0.122921319,7447764,9040840.15,9236931.741,10184129.92,9697582.866,469270,638540.343,721347.5427,880738.8481,911967.6681,9025,53,24,1659,1334,"1095","937","595",1005,817,"961","1250","1350",1163,"752","866","1056","1079",723,"867","945","1040","1297","16","18","22","20","14","15","11","13","11","14","25","15","11","8","14","10","15","8","*","*","90","35","15","*","15","10","*","*"
"NHS Lincolnshire CCG","71E",146412,147332,"Midlands",4545,4675,142623247.6,148039089.7,156933648.6,171911999,182540049.2,0.142472279,0.147555844,0.14805997,0.137876835,0.146400742,7345796.6,7953569.827,8233083.733,7686071,7556087.387,175608,0,531451.1846,676086,684672,8090,37,40,1583,1797,"1864","1697","1325",1227,934,"947","1037","1151",1578,"1120","747","579","711",759,"507","492","639","896","19","17","8","13","13","7","5","7","9","5","8","8","12","11","5","9","8","7","8","11","*","*","*","5","*","*","*","*"
"NHS South East London CCG","72Q",397064,398202,"London",12340,13800,346842040,359324600.8,391224865.9,400871373.8,421390000,0.141839092,0.147166351,0.151141531,0.12335921,0.129673359,21343000,24273605.36,27219789.5,32415441.38,34845000,1222000,1308018.484,1442806.851,2099433.745,2143000,17195,31,28,4004,2979,"4196","4206","3847",2844,2928,"3474","3783","2861",2565,"2111","556","693","990",1013,"2079","1919","1622","1436","27","16","18","14","18","14","15","14","17","21","14","9","*","5","8","7","*","*","5","9","25","*","*","*","*","*","*","*"
"NHS Northamptonshire CCG","78H",167864,169287,"Midlands",4480,5700,121943000,126504000,134983000,141647954.7,148472598.9,0.1363941,0.140478678,0.141710567,0.126547763,0.132644875,8737000,8495000,8840000,7730723.378,9012138.247,374000,382000,837000,868854.6843,1042489.335,6735,48,13,1887,2224,"1903","1938","2170",1989,1736,"1697","2123","2066",2333,"2152","1427","1605","1766",1947,"2128","1557","1256","1037","46","54","63","56","46","41","55","40","43","27","40","27","14","12","16","11","20","20","17","17","*","25","*","*","65","15","5","*"
"NHS County Durham CCG","84H",101468,101979,"North East and Yorkshire",7860,7715,136178000,139472420,146620965.6,155814741.9,167513540.4,0.165916247,0.171749258,0.171313793,0.158878079,0.170806877,7199000,7712405.8,8229802.148,8926509.815,9864028.713,585000,585773.0737,745150.6759,910515.5342,1520320.467,9940,37,29,1008,1026,"1199","1105","1053",985,987,"879","1067","831",563,"449","565","490","516",567,"193","*","210","90","27","25","17","21","29","24","19","27","28","28","27","30","19","19","17","25","24","15","14","9","5","20","*","15","*","10","*","20"
"NHS Kent and Medway CCG","91Q",408818,412012,"South East",15665,17465,261858712,270449710.4,289687946.7,304220949.5,318437091.5,0.113403471,0.115339958,0.116719293,0.105072746,0.10998276,20594448.17,21002703.6,20984694.22,23884059.48,23306425.53,971185,950698.575,1035606.263,1355684.4,1612896.35,27320,43,46,4112,3721,"4050","3935","3557",3382,3925,"4075","4663","4258",3256,"3473","3768","3785","3609",3485,"3466","3120","2038","1720","7","6","7","11","14","5","11","13","15","10","*","*","8","5","7","14","*","*","*","*","*","20","20","5","75","10","*","*"
"NHS Surrey Heartlands CCG","92A",233286,234575,"South East",7170,10530,132453674.9,146716156.2,158137463.8,176675000,184153346.5,0.110455593,0.113066537,0.115559886,0.108500359,0.113092991,10239714.32,14290791.03,15296488.05,14834000,16512106.16,1559525.648,1122734.292,1201995.721,1386000,1419445.167,17030,51,28,1340,1380,"1471","1753","1579",1522,1447,"1319","1346","1227",1492,"1655","1366","1620","1690",1830,"1912","1675","1354","972","50","28","39","38","34","26","40","36","43","28","24","37","41","23","31","19","25","18","9","20","*","15","*","5","*","*","20","20"
"NHS Bath and North East Somerset, Swindon and Wiltshire CCG","92G",194237,195342,"South West",4925,5250,120810000,130455740.4,143651857.9,152640872.6,163452784.7,0.109307874,0.117161117,0.121903536,0.11574207,0.123940353,10724000,11632616.46,12103778.11,13606189.29,16569898.91,683000,455570,462044,472390.0989,817833.1219,9460,47,33,1416,1472,"1945","1949","2281",1782,2167,"2127","2182","1726",1689,"1767","1509","1058","1652",1807,"1730","1409","970","814","8","22","10","16","9","15","11","8","10","14","13","11","18","14","12","9","11","9","6","13","20","*","*","*","*","*","*","*"
"NHS North Central London CCG","93C",332659,335865,"London",11880,12335,308571247.1,334275471.5,341642882.8,353511527.2,367510594.2,0.156053655,0.1681018,0.162486069,0.138003555,0.1434685,23433489.91,31390507.86,35129335.07,37879838,40246409.96,1878439.115,1833006.455,2013668.867,2155838.703,2396157.897,14360,42,25,4675,4787,"5134","5452","4162",4148,3911,"4508","5069","4383",4867,"4633","4431","4431","3816",3536,"3526","2093","2834","2641","16","20","26","27","31","27","26","18","14","17","17","13","8","17","11","13","18","16","6","11","*","*","10","10","*","*","*","*"
"NHS East Sussex CCG","97R",106338,106575,"South East",3065,3665,84573022.94,85590023.85,93635069.91,99517589.76,109067155.6,0.110819352,0.112336871,0.116284355,0.094274393,0.103320829,6178720.007,5465791.65,5798310.219,7460723.383,7999987.919,35000,117582,119000,548975.7337,465337.8405,5870,39,5,1207,997,"1431","1116","691",450,751,"612","574","418",357,"481","668","825","729",690,"874","791","883","773","34","41","43","32","33","28","33","38","36","36","37","33","44","29","16","24","24","10","22","27","*","*","*","5","45","*","*","*"
"NHS North East London CCG","A3A8R",488757,492913,"London",13880,17300,330934088.3,341017822.8,359569621.5,379297813.6,399934607.2,0.125825102,0.132141752,0.131065431,0.117792693,0.124201545,28388400.61,27438257.45,33023335.85,37567449.76,38880593.25,1178819,1169988.279,1020617.29,1533563.716,2494298.372,19895,31,25,3366,3213,"3405","3632","3597",3690,3971,"4357","5339","4987",4503,"4552","3512","4557","4503",3857,"3980","3104","3464","3139","9","12","10","9","5","*","*","5","*","5","8","14","7","9","*","9","*","5","7","*","*","*","45","515","290","50","50","*"
"NHS North West London CCG","W2U3Z",473289,477394,"London",11805,13580,417853530,436392831.1,455444257.1,488091604,517696832,0.125943865,0.153573738,0.152363974,0.134397978,0.142549896,16562783.57,33387480.88,35879957.15,39369751.72,41302176,998390.1838,1053612.092,1300415.512,1776018.944,1880578.772,16310,44,34,5745,4590,"4199","4080","4780",5458,6429,"6395","6024","4193",4859,"5408","3770","3449","3895",4031,"4234","4093","3721","3518","50","41","38","50","54","48","56","56","56","56","48","55","29","55","54","45","35","34","34","32","*","*","75","80","135","45","20","85"
"NHS Bedfordshire, Luton and Milton Keynes CCG","M1J4Y",231963,235166,"East of England",11305,12975,156513646.4,165197389.8,176814938,192476389.8,203646349.2,0.129146004,0.141720776,0.142909744,0.133648523,0.141404532,12927874,12745000,14099146,16431622.53,17652989.61,474000,711000,960762,1181142.438,1830556.713,14965,26,22,2293,2674,"3009","2830","2624",2223,2948,"3248","3054","2422",2417,"2252","2279","3054","2387",2623,"2654","2332","2373","1498","57","37","53","36","57","64","60","65","41","33","49","39","32","41","38","28","28","23","31","31","10","*","20","50","115","85","90","115"
"NHS Coventry and Warwickshire CCG","B2M3M",197485,199960,"Midlands",5915,6805,185919823.7,201392360,208645322.7,231597665.6,244096235.7,0.116119405,0.170926288,0.167340366,0.156390405,0.164830285,7395723.316,10048440,11849809.67,12971319.13,13555202.62,761016.9126,1117960,710130,854804.6137,1061762.745,11765,49,31,2983,3540,"4219","3614","4295",4163,4155,"3920","3131","2956",3230,"3253","2361","2464","2250",2398,"2582","2357","1864","2046","40","23","39","33","30","31","37","36","31","19","30","28","28","23","24","29","18","16","12","14","10","75","30","190","*","*","15","5"
"NHS Shropshire, Telford and Wrekin CCG","M2L0M",101133,101939,"Midlands",3195,3430,65472000,67551000,82533654.43,90438584.58,95397000,0.125943865,0.110755322,0.128073726,0.113508276,0.119731518,4962000,5236000,5651665.298,6386436.964,6599000,480000,385000,378223.578,394898.0657,471000,6710,31,39,1045,946,"1396","1123","839",942,1063,"957","1128","1234",903,"826","665","1102","1135",1004,"728","423","483","608","22","32","34","19","28","18","17","17","21","18","19","20","17","21","15","11","21","10","7","16","*","20","25","10","215","85","80","50"
"NHS Black Country and West Birmingham CCG","D2P2L",329806,331127,"Midlands",9775,10545,254940329.3,270095687.2,291879105.2,334206461.2,348861053.6,0.111506026,0.145030433,0.147635142,0.145886244,0.152283199,21015111.62,23806890.3,24556584.54,26904389.68,29926821.64,1923896.326,1531942.128,1589864.336,1638364.771,1687385.766,19550,57,35,2579,2692,"2762","2602","2483",2150,2007,"1762","1540","1487",1380,"1453","1605","1857","1901",1447,"1069","646","704","910","10","9","12","8","8","6","6","13","8","8","5","*","9","10","8","8","*","*","*","*","*","90","*","15","20","*","*","*"
"NHS Kirklees CCG","X2C4Y",100094,100020,"North East and Yorkshire",5280,5755,81885942.19,82636031.2,88091167.73,94643694.64,98601796.35,0.153716573,0.15020691,0.151724629,0.154790295,0.161263792,3495518.443,4081902.132,4192000,4491000,4580602.581,209000,211000,219286.4232,228225.5272,252563.0336,6635,31,14,453,486,"701","493","742",588,575,"585","859","668",576,"731","443","685","586",773,"749","327","611","428","18","20","19","15","17","17","9","11","12","9","7","16","11","17","14","9","7","*","6","7","*","*","*","*","45","*","45","70"
"NHS Hampshire, Southampton and Isle of Wight CCG","D9Y0V",323072,324703,"South East",10645,14420,253878271.8,267848981.5,290159906.2,313852009.1,332339380,0.157993636,0.133468762,0.137053484,0.125087439,0.132455682,16929034.96,18772411.64,20670537.02,21697572.39,23441034.24,1682144,1779515.608,1809030.8,2048666.667,2066724.596,26885,57,29,3126,3312,"3733","3303","2893",3376,3733,"3954","3235","3199",3054,"2871","2461","1841","1762",1850,"2182","2291","2087","1769","7","*","7","*","7","7","*","7","8","*","5","5","7","9","8","*","7","6","*","*","*","*","*","*","15","*","15","*"
"NHS Frimley CCG","D4U1Y",175633,176614,"South East",5745,6515,116636406,122886796.5,130580209.9,136695957.8,147478294.1,0.125943865,0.134937824,0.136030971,0.127960195,0.13805347,10618788.15,11090272.92,12195327.22,14245388.53,15206727.68,821000,928586.5293,1069060.139,1347814.432,1468190.704,11745,54,26,888,1225,"976","983","902",1188,1123,"996","1081","979",1286,"1080","1155","902","976",951,"708","545","780","602","18","21","23","7","36","39","35","30","26","27","27","27","23","21","16","18","10","20","17","19","180","15","*","*","*","*","*","25"
