ccg_nm,,,org_cd,pop_2019,pop_2020,region,access_2021,access_2122,mhspend_allages_1718,mhspend_allages_1819,mhspend_allages_1920,mhspend_allages_2021,mhspend_allages_2122,mhspend_perc_allocation_1718,mhspend_perc_allocation_1819,mhspend_perc_allocation_1920,mhspend_perc_allocation_2021,mhspend_perc_allocation_2122,mhspend_cyp_1718,mhspend_cyp_1819,mhspend_cyp_1920,mhspend_cyp_2021,mhspend_cyp_2122,EDspend_1718,EDspend_1819,EDspend_1920,EDspend_2021,EDspend_2122,number_referred,avg_wait_2122,perc_closed_2122,tier4_beddays,tier4_admissions,,Organisation Name,Total number of People,"Average Waiting Time (for People with Two Contacts, Days)",Number of People Waiting Between 0 and 4 Weeks,% Waiting Between 0 and 4 Weeks,Number of People Waiting Between 4 and 6 Weeks,% Waiting Between 4 and 6 Weeks,Number of People Waiting Between 6 and 8 Weeks,% Waiting Between 6 and 8 Weeks,Number of People Waiting Between 8 and 10 Weeks,% Waiting Between 8 and 10 Weeks,Number of People Waiting Between 10 and 12 Weeks,% Waiting Between 10 and 12 Weeks,Number of People Waiting Over 12 Weeks,% Waiting Over 12 Weeks,Referral Closed Before Treatment ,% Referral Closed Before Treatment ,"Number of People Still Waiting, no contact","% Still Waiting, no contact","Number of People Still Waiting, one contact","% Still Waiting, one contact",Contacts Before Referral
ENGLAND,,,,12023568,12093288,,419105,470815,10079621176,10476771526,11190603679,11937705237,12693647557,0.136096275,0.139913642,0.142048725,0.133203942,0.142400144,£640.5m,£726.1m,£799.0m,£868.7m,£927.1m,£46.7m,£49.1m,£55.1m,£61.9m,£71.9m,733756,40,32,76,1,,,,,,,,,,,,,,,,,,,,,,,
NHS BLACKBURN WITH DARWEN CCG,NHS BLACKBURN WITH DARWEN CCG,Match,00Q,38742,38653,North West,1535,1940,29706000,31704000,37041000,39571000,44805000,0.130278046,0.1387927,0.153363641,0.15810383,0.179015999,1741000,1707000,1861000,2296000,2802000,302000,198000,207000,213000,243000,3095,18,46,74,1,,NHS BARNSLEY CCG,2410,23,525,21,75,3,30,1,25,1,15,0,50,2,590,24,980,40,115,4,*
NHS BLACKPOOL CCG,NHS BLACKPOOL CCG,Match,00R,29215,29110,North West,1635,1870,35969102.26,40947800,46816111,51825168.27,53404000,0.129422094,0.154524082,0.158331567,0.075178108,0.077468377,2018270,651000,2990079,2821074,2995000,0,180000,107996,122138,156000,2730,53,36,122,2,,NHS BASILDON AND BRENTWOOD CCG,3280,37,985,29,65,1,55,1,45,1,35,1,255,7,1165,35,465,14,210,6,*
NHS CHORLEY AND SOUTH RIBBLE CCG,NHS CHORLEY AND SOUTH RIBBLE CCG,Match,00X,37075,37336,North West,1610,1575,29654000,35227000,40059000,43804110,51128290.58,0.121883452,0.145286949,0.156461522,0.164388363,0.191874598,1544000,1714000,1992000,2688321.671,3167790.3,95000,97000,99000,188165.0311,203537,2295,28,39,137,2,,NHS BASSETLAW CCG,1365,44,175,12,60,4,30,2,30,2,10,0,50,3,575,42,240,17,190,14,*
NHS EAST LANCASHIRE CCG,NHS EAST LANCASHIRE CCG,Match,01A,86075,86445,North West,3015,3610,68237000,80370000,82925683,92469318.2,95144922,0.122006472,0.145630276,0.143184909,0.15277528,0.15719584,4962000,4834000,5306268,6381185,7048328,729000,729000,749737,500906,563019,4485,17,36,292,4,,"NHS BATH AND NORTH EAST SOMERSET, SWINDON AND WILTSHIRE CCG",9460,47,1585,16,360,3,280,2,205,2,125,1,620,6,3170,33,2130,22,970,10,10
NHS FYLDE AND WYRE CCG,NHS FYLDE & WYRE CCG,,02M,34384,34807,North West,1150,1395,30670000,34174000,36743748,43173499.97,44542182.19,0.134635645,0.130227347,0.132721739,0.146453417,0.151096269,1203000,1380000,2610387,2790165,3009840.92,0,91000,172057,194580,219663.3416,1690,56,21,223,2,,"NHS BEDFORDSHIRE, LUTON AND MILTON KEYNES CCG",14965,26,5085,33,485,3,235,1,185,1,145,0,580,3,3310,22,3425,22,1505,10,*
NHS GREATER PRESTON CCG,NHS GREATER PRESTON CCG,Match,01E,43993,44344,North West,1475,1655,33863000,35594000,39643000,45549687,50318218.02,0.1241681,0.13368036,0.1419441,0.155438273,0.171710882,1538000,1661000,1961000,2543883.045,2810257.09,113000,116000,118000,214925.1282,233783,2130,39,37,185,3,,NHS BERKSHIRE WEST CCG,8570,36,1360,15,280,3,145,1,130,1,120,1,340,3,1990,23,3165,36,965,11,80
NHS MORECAMBE BAY CCG,NHS MORECAMBE BAY CCG,Match,01K,60862,61104,North West,2315,3280,71021000,64051000,62134000,71461519.27,74546999,0.139367263,0.131385858,0.121052365,0.130246719,0.135870355,1090000,3791000,4000000,4564031,4691414,67000,60000,313000,776120,826869,4400,50,33,88,1,,NHS BIRMINGHAM AND SOLIHULL CCG,17380,36,2795,16,420,2,325,1,235,1,125,0,550,3,7675,44,3720,21,1530,8,5
NHS WEST LANCASHIRE CCG,NHS WEST LANCASHIRE CCG,Match,02G,22146,22254,North West,1105,1385,19955360,20245486.11,21122925,24407436.04,25613464.5,0.131274036,0.132769475,0.131886395,0.144478613,0.151617639,1175460.387,1153380.663,1508794,1688883.482,1795059.689,0,82618.4,86872,128414.7304,139802.4173,1540,37,28,759,9,,NHS BLACK COUNTRY AND WEST BIRMINGHAM CCG,19550,57,1930,9,460,2,330,1,275,1,240,1,1135,5,6965,35,5465,27,2720,13,25
NHS BARNSLEY CCG,NHS BARNSLEY CCG,Match,02P,51083,51621,North East and Yorkshire,1855,1970,50987000,52966536,57263000,59791158,64069000,0.132801471,0.140345882,0.143458045,0.142161155,0.152332274,4305000,4745064,5817000,3958262,4507000,143000,146577,229000,200887,198000,2410,23,24,385,2,,NHS BLACKBURN WITH DARWEN CCG,3095,18,1050,33,110,3,50,1,25,0,20,0,45,1,1435,46,215,6,135,4,5
NHS BASSETLAW CCG,NHS BASSETLAW CCG,Match,02Q,23500,23828,North East and Yorkshire,540,650,20788000,21828000,23077056,24157000,26120000,0.128241035,0.136652184,0.137059125,0.136900001,0.148024507,1347000,1374000,1379000,1479000,1504000,124000,121000,119000,121000,185000,1365,44,42,505,4,,NHS BLACKPOOL CCG,2730,53,380,13,100,3,70,2,60,2,45,1,180,6,985,36,480,17,420,15,*
NHS DONCASTER CCG,NHS DONCASTER CCG,Match,02X,66918,67362,North East and Yorkshire,1905,2235,79365000,83457000,90990000,93334000,95886000,0.173995221,0.184816019,0.191455919,0.188475093,0.193628504,3052000,4923000,5259000,2796000,2266000,173000,173000,182000,138000,216000,3035,20,35,161,*,,NHS BOLTON CCG,4105,60,745,18,100,2,65,1,45,1,35,0,425,10,1305,31,420,10,965,23,*
NHS ROTHERHAM CCG,NHS ROTHERHAM CCG,Match,03L,57522,57453,North East and Yorkshire,2680,2865,52114391.75,56071000,58544747.98,58918580.84,65497750.69,0.139135706,0.154146655,0.152779766,0.144425796,0.160553167,2898990.085,3201208.033,3382787.263,2570600.23,2673441.032,139002.3716,139000.0004,139000.0005,94173.71517,78687.62911,4595,29,32,1064,6,,NHS BRADFORD DISTRICT AND CRAVEN CCG,8810,36,2290,25,460,5,305,3,180,2,135,1,455,5,2120,24,1700,19,1140,12,25
NHS SHEFFIELD CCG,NHS SHEFFIELD CCG,Match,03N,117736,118398,North East and Yorkshire,2935,2845,139713380.4,140895823.6,151514472.9,143485812.5,159458533.2,0.179822945,0.184057729,0.18804551,0.140978533,0.156672146,4373745.02,5235204.765,7520676.301,8632623.322,8942887.929,428128,430403.6946,376732.0987,364644.7389,426174.6703,5705,40,45,675,4,,NHS BRIGHTON AND HOVE CCG,2885,72,235,8,130,4,105,3,100,3,110,3,360,12,690,23,870,30,285,9,*
NHS BASILDON AND BRENTWOOD CCG,NHS BASILDON AND BRENTWOOD CCG,Match,99E,59980,60545,East of England,1440,1880,43004000,48157000,50260000,52309100,52052000,0.131491804,0.138026013,0.136207439,0.138101676,0.137422904,2698000,2865000,3408000,3405000,3922000,141000,103000,113000,101000,234000,3280,37,35,141,3,,"NHS BRISTOL, NORTH SOMERSET AND SOUTH GLOUCESTERSHIRE CCG",8115,36,1945,23,255,3,150,1,100,1,70,0,395,4,3725,45,920,11,545,6,5
NHS CASTLE POINT AND ROCHFORD CCG,NHS CASTLE POINT AND ROCHFORD CCG,Match,99F,34322,34588,East of England,840,1020,24987000,21524000,25092315,28139000,31922000,0.108294941,0.092156586,0.10181462,0.107317729,0.121745498,1192000,1588000,1562802,2335000,2060000,95000,95000,94172,99000,152000,1550,18,41,893,5,,NHS BUCKINGHAMSHIRE CCG,7795,42,1215,15,200,2,180,2,145,1,130,1,405,5,2440,31,2105,27,970,12,*
NHS MID ESSEX CCG,NHS MID ESSEX CCG,Match,06Q,82683,83197,East of England,2270,2805,51682000,54719640.23,59930000,63596000,66908225,0.119731264,0.118278723,0.122765114,0.091337141,0.096094188,2561000,2933910,3311000,4128000,3643909.753,188000,187395,192000,0,298446.869,3705,14,36,375,2,,NHS BURY CCG,3520,33,560,15,70,1,35,0,30,0,25,0,110,3,1750,49,710,20,230,6,*
NHS SOUTHEND CCG,NHS SOUTHEND CCG,Match,99G,39738,39736,East of England,1245,1405,35406000,37899000,41455554,45255858,48004000,0.150545956,0.15408603,0.159413782,0.164879838,0.174892093,1356000,1691000,1757534,1969829,2308000,100000,100000,100000,170982,151000,2020,20,39,24,2,,NHS CALDERDALE CCG,3235,26,760,23,95,2,70,2,50,1,30,0,95,2,1295,39,585,18,255,7,*
NHS THURROCK CCG,NHS THURROCK CCG,Match,07G,44650,45381,East of England,1180,1350,25008213.73,24497000,27363354.22,29049161.67,29965499.75,0.121024104,0.115732036,0.121890108,0.124478795,0.128405403,1112955,1556000,1927567.306,2073404.439,2300779.809,185000,82000,117874.4786,297875.0142,346512.0758,2095,17,31,2410,21,,NHS CAMBRIDGESHIRE AND PETERBOROUGH CCG,12705,44,1420,11,270,2,175,1,160,1,115,0,500,3,3885,30,3350,26,2825,22,*
NHS Birmingham and Solihull CCG,NHS Birmingham and Solihull CCG,Match,15E,288375,288342,Midlands,8610,9530,258929296.5,274792000,296230000,313363769.6,331762000,0.159378429,0.170067707,0.173556063,0.158402874,0.167703032,22850890.11,23696000,21752000,24684523.41,26483000,1486034.375,1453000,1514000,1633478,1859000,17380,36,44,180,*,,NHS CANNOCK CHASE CCG,1785,65,125,7,60,3,65,3,60,3,50,2,165,9,785,44,345,19,130,7,*
NHS NEWCASTLE GATESHEAD CCG,NHS NEWCASTLE GATESHEAD CCG,Match,13T,97838,98123,North East and Yorkshire,4885,4845,114342235.2,121512444.5,131846431,139114111.9,145620465.5,0.156160866,0.166275234,0.171360211,0.149363689,0.156349414,8181487.983,8694097.853,8040665.683,8407856.272,8475538.642,285589.7976,288666.3901,304761.7058,313295.0335,317305.8856,7035,57,28,90,*,,NHS CASTLE POINT AND ROCHFORD CCG,1550,18,550,35,40,2,15,0,25,1,25,1,50,3,640,41,130,8,80,5,*
NHS NORTH CUMBRIA CCG,NHS NORTH CUMBRIA CCG,Match,01H,59996,60041,North East and Yorkshire,2590,2705,59453000,58957508.31,61484054.97,65641970,71028000,0.133750051,0.128734368,0.128021903,0.10666845,0.115420769,4094778.073,3737272.354,4204216.329,5259670.664,6210262.7,0,270000,227748.5263,239191.519,244082.8,4855,55,50,90,*,,NHS CHESHIRE CCG,8090,53,500,6,105,1,105,1,70,0,70,0,265,3,3145,38,3095,38,740,9,*
NHS NORTH TYNESIDE CCG,NHS NORTH TYNESIDE CCG,Match,99C,41851,42017,North East and Yorkshire,2160,2275,42343866.83,48383181.2,49680984.53,53420799.86,56262511.77,0.141882831,0.150246195,0.14672167,0.156694484,0.165029825,2610294.311,2697313.987,2984190.686,3260752.172,3045154.477,208380.3672,271692.8131,243439.3178,209678.7623,191474.4686,2445,43,25,*,*,,NHS CHORLEY AND SOUTH RIBBLE CCG,2295,28,425,18,40,1,20,0,20,0,15,0,70,2,900,39,440,19,365,15,*
NHS NORTHUMBERLAND CCG,NHS NORTHUMBERLAND CCG,Match,00L,59050,58801,North East and Yorkshire,3970,4275,85316000,84108528.75,86940000,90960000,118858387.4,0.199898078,0.17986243,0.176997636,0.174228662,0.227666423,3362000,4166450.502,4449000,4484000,5378305.724,295000,339482.9686,421000,427000,610840.6091,4140,34,36,90,*,,NHS COUNTY DURHAM CCG,9940,37,1850,18,280,2,215,2,140,1,105,1,400,4,2945,29,2655,26,1355,13,*
NHS SOUTH TYNESIDE CCG,NHS SOUTH TYNESIDE CCG,Match,00N,30168,30255,North East and Yorkshire,2545,3215,38409689.38,42587000,45995456.42,48663145.55,50385000,0.152740643,0.1699415,0.174579001,0.171280773,0.177341223,3411606.882,3522000,3627811.679,4103854.815,4113000,102394.2624,102000,101970.5725,38682.81432,74000,3480,54,22,*,*,,NHS COVENTRY AND WARWICKSHIRE CCG,11765,49,1235,10,305,2,175,1,120,1,120,1,550,4,3680,31,4480,38,1090,9,*
NHS SUNDERLAND CCG,NHS SUNDERLAND CCG,Match,00P,54849,54965,North East and Yorkshire,3990,4115,73086000,75474559,80805053,81488123.46,88135229.78,0.151446863,0.168482032,0.172064394,0.1648347,0.178280509,3937000,5028957.679,5737267.39,5936887.48,6282148.106,211000,210897.1223,217870.558,263460.141,268650.9356,5415,80,31,1931,11,,NHS DERBY AND DERBYSHIRE CCG,13670,44,2595,18,385,2,285,2,180,1,170,1,980,7,3475,25,3645,26,1925,14,30
NHS DERBY AND DERBYSHIRE CCG,NHS DERBY AND DERBYSHIRE CCG,Match,15M,207451,207752,Midlands,7460,9065,188014839.7,186409630.4,193077988.6,211189431.8,226785072.7,0.139759416,0.135287569,0.132911393,0.122887951,0.13196282,8658000,10965976.86,15958917.05,13523999.07,14493584.52,641000,695246.5117,762745.7179,1013721.889,1018685.438,13670,44,25,353,2,,NHS DEVON CCG,13750,51,1955,14,380,2,280,2,210,1,180,1,880,6,3465,25,4860,35,1550,11,*
NHS IPSWICH AND EAST SUFFOLK CCG,NHS IPSWICH AND EAST SUFFOLK CCG,Match,06L,82917,83072,East of England,2835,3800,72783297.47,74543672,66266915.99,78034234.34,83251942.05,0.151147282,0.154140692,0.129905328,0.148355744,0.158275453,5096041.618,6102264.304,5677967.762,5470329.208,5498576.565,364930.2967,368000,428793.5616,446931.0656,581581.281,5760,53,36,685,5,,NHS DONCASTER CCG,3035,20,930,30,125,4,70,2,50,1,25,0,40,1,1090,35,500,16,205,6,*
NHS NORTH EAST ESSEX CCG,NHS NORTH EAST ESSEX CCG,Match,06T,67286,68010,East of England,2485,3120,51150000,53795475.16,58956910.48,63982836.95,66987214.02,0.109128824,0.114824185,0.118637271,0.091376746,0.095667431,3283000,3837094.506,4081383,4266195.622,4380880.053,187000,186907,191766,317438,307418,4385,20,35,365,2,,NHS DORSET CCG,6245,48,815,13,225,3,295,4,195,3,150,2,380,6,2795,44,955,15,440,7,*
NHS WEST SUFFOLK CCG,NHS WEST SUFFOLK CCG,Match,07K,48058,47279,East of England,1670,2285,39006280.4,40230000,36179662.17,41136900.06,43749037.09,0.127385139,0.130726388,0.111374126,0.122921155,0.130726481,2803446.035,3827681.916,3052263.238,2898686.61,2798304.982,194102.4016,194000,227738.5944,234545.9877,308379.341,3360,55,35,1010,8,,NHS EAST AND NORTH HERTFORDSHIRE CCG,6155,37,1045,16,230,3,145,2,100,1,75,1,230,3,2840,46,1070,17,415,6,*
NHS DEVON CCG,NHS DEVON CCG,Match,15N,225331,226851,South West,8525,8575,259609836.7,250886033.4,276489067.5,303593751.6,321910414.2,0.139759416,0.156464243,0.163557319,0.150289986,0.159357402,24133608.09,14605266.7,15303616.27,15986523.58,16631353.32,1650807.993,1535108.2,1933924.622,1938760.186,2530888.74,13750,51,25,209,1,,NHS EAST LANCASHIRE CCG,4485,17,1955,43,175,3,70,1,55,1,40,0,65,1,1625,36,280,6,220,4,*
NHS EAST LEICESTERSHIRE AND RUTLAND CCG,NHS EAST LEICESTERSHIRE AND RUTLAND CCG,Match,03W,69178,69736,Midlands,2215,2280,44187479.51,53008106.59,58035417.13,59687957.2,61325850.16,0.118277661,0.141924541,0.147311847,0.142738093,0.146654959,2203561.37,2402218.356,2663956.475,3466855.983,3453943.15,406620.006,165025.8861,194781.9491,282817.3227,423675.5219,3215,15,29,614,7,,NHS EAST LEICESTERSHIRE AND RUTLAND CCG,3215,15,1180,36,40,1,20,0,25,0,20,0,85,2,935,29,535,16,340,10,40
NHS LEICESTER CITY CCG,NHS LEICESTER CITY CCG,Match,04C,84082,84069,Midlands,1905,2770,77479474.62,79579090.04,83359978.89,93742136.06,101677426,0.17135533,0.177321585,0.175553087,0.144393317,0.156616239,2254000,3596075.559,5710819.629,6418458.979,7055572.614,380000,341711.1133,433401.5278,522582.3382,782856.3779,4005,13,21,669,8,,NHS EAST RIDING OF YORKSHIRE CCG,3360,28,530,15,70,2,55,1,35,1,25,0,75,2,1470,43,870,25,220,6,10
NHS WEST LEICESTERSHIRE CCG,NHS WEST LEICESTERSHIRE CCG,Match,04V,80536,81457,Midlands,2655,3535,65003000,62081215.36,62935058.05,68149899.29,73347269.72,0.150440515,0.143679245,0.137581914,0.139384025,0.150013981,3250000,3161582.102,3715774.501,4044560.038,4050768.859,265000,238999.7468,280475.2737,331587.3391,496735.6229,4250,13,21,1019,8,,NHS EAST STAFFORDSHIRE CCG,1395,50,180,12,100,7,75,5,55,4,40,2,95,6,530,38,205,14,120,8,*
NHS EAST AND NORTH HERTFORDSHIRE CCG,NHS EAST AND NORTH HERTFORDSHIRE CCG,Match,06K,126124,127116,East of England,2895,3065,89699494,90580000,96551570,101447110,106934034.1,0.122853206,0.123354233,0.124377408,0.123844662,0.130542993,6031000,7304000,8314000,8865611.403,10110119.08,340000,432000,475000,591864.0016,915878.1738,6155,37,46,1779,13,,NHS EAST SUSSEX CCG,5870,39,515,8,120,2,85,1,45,0,50,0,130,2,295,5,1560,26,3070,52,*
NHS HERTS VALLEYS CCG,NHS HERTS VALLEYS CCG,Match,06N,142204,143287,East of England,3825,4860,93967000,96379991,102673509.8,107685638,111643118.6,0.122789342,0.123762587,0.124687151,0.126729256,0.131386596,6406000,8709000,8606406.945,10544777.47,10796543.51,377000,673000,961734.3186,906670.3994,1195077.033,8400,40,36,494,6,,NHS FRIMLEY CCG,11745,54,1305,11,440,3,400,3,245,2,215,1,680,5,3105,26,4300,36,1050,8,5
NHS WEST ESSEX CCG,NHS WEST ESSEX CCG,Match,07H,69892,70703,East of England,1685,1845,43795000,45164000,46739943.91,49627520,51935016,0.11203643,0.114831417,0.112361847,0.082321615,0.086149265,2864000,3749320,4234766.319,4684720,4782000,160000,159410,164710.124,188980,254000,2770,24,41,59,*,,NHS FYLDE AND WYRE CCG,1690,56,240,14,55,3,45,2,35,1,30,1,130,7,355,21,520,30,285,16,*
NHS CANNOCK CHASE CCG,NHS CANNOCK CHASE CCG,Match,04Y,27276,27508,Midlands,820,1110,26682623.23,27024227.35,29145022.26,28900205.99,29784037.93,0.193382703,0.157731101,0.161687733,0.144200483,0.148610452,2106083.677,2531554.167,3246702.654,3341220.75,1962435.667,147150.6963,176878.0426,223290.4756,224578.3504,178088.213,1785,65,44,81,*,,NHS GLOUCESTERSHIRE CCG,7950,70,695,8,305,3,290,3,275,3,175,2,905,11,2285,28,2100,26,920,11,*
NHS EAST STAFFORDSHIRE CCG,NHS EAST STAFFORDSHIRE CCG,Match,05D,28082,28386,Midlands,930,1045,21291000,19620308.73,19547795.47,22970225.28,25114389.46,0.137210801,0.120264484,0.112918629,0.123224421,0.13472685,870000,2540790.569,3044641.973,3113063.571,1868561.831,68000,123913.4278,145773.967,149924.1367,170535.3714,1395,50,38,368,4,,NHS GREATER PRESTON CCG,2130,39,415,19,65,3,50,2,35,1,25,1,110,5,800,37,385,17,240,11,*
NHS NORTH STAFFORDSHIRE CCG,NHS NORTH STAFFORDSHIRE CCG,Match,05G,39988,39971,Midlands,1805,2055,45700000,45276429.01,57513092.58,58427930.45,64871300.35,0.164185915,0.156513663,0.188883975,0.173906508,0.193084732,1617000,1966623.36,1162578.915,2165807.55,5388459.652,422000,475225.182,490921.383,488082.5927,497177.7624,2645,31,37,721,6,,NHS HALTON CCG,1470,25,330,22,20,1,20,1,20,1,15,1,50,3,680,46,220,15,110,7,*
NHS SOUTH EAST STAFFORDSHIRE AND SEISDON PENINSULA CCG,NHS SOUTH EAST STAFFORDSHIRE AND SEISDON PENINSULA CCG,Match,05Q,43828,44210,Midlands,1365,1695,36908087.36,35866130.05,37463081.63,39418615.98,40753147.94,0.171017017,0.138518843,0.136372703,0.134145621,0.138687171,4975317.125,5079762.057,5001858.015,5130702.571,3196987.9,375942.2266,383834.2381,377947.695,384042.3993,298851.9409,2320,57,47,209,1,,"NHS HAMPSHIRE, SOUTHAMPTON AND ISLE OF WIGHT CCG",26885,57,3010,11,670,2,500,1,510,1,385,1,1740,6,7910,29,9990,37,2150,7,25
NHS STAFFORD AND SURROUNDS CCG,NHS STAFFORD AND SURROUNDS CCG,Match,05V,29647,29852,Midlands,950,1070,27836421.2,30696323.36,33329325.77,36790092.51,39542785.41,0.187942927,0.173910934,0.178653962,0.113073681,0.121534033,2722332.515,3239129.647,3416040.096,3656950.462,3069273.85,194197.8002,231063.5635,243683.484,245956.1211,270067.2955,1550,64,44,336,4,,NHS HEREFORDSHIRE AND WORCESTERSHIRE CCG,7595,66,1045,13,245,3,185,2,140,1,120,1,880,11,2585,34,1380,18,1005,13,10
NHS STOKE ON TRENT CCG,NHS STOKE ON TRENT CCG,Match,05W,59275,59653,Midlands,2825,3355,59600000,72800348.38,76891087.68,85969849.73,95375086.26,0.153171866,0.183057571,0.183620069,0.185075887,0.20532348,2825000,3721444.646,3727949.078,3055753.556,7341850.573,590000,729618.4819,560519.4446,558128.4166,675575.3824,4200,25,37,636,2,,NHS HERTS VALLEYS CCG,8400,40,1405,16,260,3,165,1,125,1,75,0,370,4,3035,36,2100,25,865,10,*
NHS BRIGHTON AND HOVE CCG,NHS BRIGHTON AND HOVE CCG,Match,09D,50267,50332,South East,2075,2065,73396228.36,68177813.92,69397481.14,72440290.59,76736901.54,0.192082115,0.181270942,0.175387892,0.182588008,0.19341775,3990170.6,4228746.074,4730161.045,5828057.653,6202647.98,241893,235590.0483,250955.932,254591.7662,260900.1532,2885,72,23,717,6,,"NHS HEYWOOD, MIDDLETON AND ROCHDALE CCG",4290,33,1475,34,170,3,85,2,65,1,55,1,270,6,1330,31,450,10,385,8,*
NHS BOLTON CCG,NHS BOLTON CCG,Match,00T,68385,68931,North West,2295,2655,47874000,53598786.97,53076366.4,56440416,60142438.42,0.113811745,0.129885444,0.122072725,0.122721367,0.130770869,3503000,3378000,4015000,4372159.399,5374917.729,269000,269000,277000,424421.67,261007.2058,4105,60,31,260,5,,NHS HULL CCG,4725,34,685,14,140,3,135,2,95,2,45,0,115,2,1925,40,1360,28,220,4,*
NHS BURY CCG,NHS BURY CCG,Match,00V,43289,43180,North West,1875,1725,35588000,35752821.05,38502000,43062954,49227432.8,0.132985064,0.135991408,0.139127984,0.137920077,0.15766339,1996000,2854271,3665786,4054437,4560925.284,112000,144953,148605,173110,199339,3520,33,49,204,2,,NHS IPSWICH AND EAST SUFFOLK CCG,5760,53,860,14,115,1,80,1,65,1,60,1,405,7,2100,36,1625,28,455,7,*
"NHS HEYWOOD, MIDDLETON AND ROCHDALE CCG","NHS HEYWOOD, MIDDLETON AND ROCHDALE CCG",Match,01D,53299,53846,North West,3200,3840,41599000,40490000,42458000,45674068.43,48483553.53,0.124778633,0.12480504,0.124266105,0.124203377,0.131843325,3357000,3387000,3763000,5324863.021,5582975.86,137000,137000,145000,188797.9258,248919.0831,4290,33,31,1000,10,,NHS KENT AND MEDWAY CCG,27320,43,4390,16,825,3,445,1,300,1,230,0,1425,5,12805,46,4525,16,2375,8,*
NHS MANCHESTER CCG,NHS MANCHESTER CCG,Match,14L,122914,123872,North West,6765,5755,116050410.9,129830676.8,137761360.2,149250716.7,158579829.9,0.137361856,0.158779517,0.159060885,0.103966702,0.110465278,8205000,9304734.4,11076955.13,10448120.28,11895803.16,355000,365508,355500,429667,594000,11680,33,38,431,2,,NHS KERNOW CCG,5885,45,910,15,255,4,215,3,180,3,115,1,330,5,2220,37,1360,23,300,5,*
NHS OLDHAM CCG,NHS OLDHAM CCG,Match,00Y,59592,59450,North West,1880,2015,41855075.86,44219998.87,48847807.15,49552397.42,57054922.28,0.117929504,0.129428806,0.135393872,0.124658743,0.143532811,2759538.363,3030670.437,3298534.187,3750082.894,5186299.511,138138,157680,162944.5572,187586.634,220823.9851,3670,57,45,176,5,,NHS KIRKLEES CCG,6635,31,2450,36,190,2,115,1,85,1,80,1,485,7,930,14,1680,25,610,9,10
NHS SALFORD CCG,NHS SALFORD CCG,Match,01G,57452,58442,North West,2880,2130,51577000,55342000,60697000,64406200,67892796,0.125670664,0.13989171,0.144920027,0.183275443,0.193196964,2736000,3363000,5410000,6624000,7888534,728000,177000,161000,233000,298792,3560,29,35,659,6,,NHS KNOWSLEY CCG,2360,34,570,24,55,2,45,1,70,2,60,2,100,4,695,29,450,19,310,13,10
NHS STOCKPORT CCG,NHS STOCKPORT CCG,Match,01W,63518,63903,North West,2325,2260,47952000,30208000,51294000,57858549,64304730.52,0.115031367,0.073153308,0.117821359,0.122788187,0.13646836,3242000,3354000,2547000,3006950,3736132.493,170000,170000,179000,195370,252754.0085,3045,25,44,462,4,,NHS LEEDS CCG,9390,59,1220,12,290,3,195,2,165,1,115,1,690,7,1995,21,3405,36,1310,13,5
NHS TAMESIDE AND GLOSSOP CCG,NHS TAMESIDE AND GLOSSOP CCG,Match,01Y,57355,57652,North West,2160,2415,37611000,40273000,42375000,46612129.17,50753632.11,0.104054112,0.113350558,0.113451689,0.116898894,0.127285399,521000,2136000,2637000,3540080.453,4617737.403,144000,120000,123000,144276.0877,238342.4334,3825,40,26,424,2,,NHS LEICESTER CITY CCG,4005,13,2155,53,80,2,35,0,35,0,35,0,75,1,875,21,435,10,260,6,25
NHS TRAFFORD CCG,NHS TRAFFORD CCG,Match,02A,56511,56626,North West,1850,1720,32263000,32268655.95,35187000,37019845.5,40899223,0.100342114,0.104580594,0.108080464,0.103617432,0.114475693,2180000,2041417.658,2284000,2304219,3405764,167000,147570.3634,157000,209312,126300,3880,42,32,558,2,,NHS LINCOLNSHIRE CCG,8090,37,1385,17,550,6,495,6,265,3,135,1,270,3,3245,40,960,11,780,9,*
NHS WIGAN BOROUGH CCG,NHS WIGAN BOROUGH CCG,Match,02H,68916,69384,North West,2095,2090,53392864,48860757.84,51645251.48,55277809.55,58811102.88,0.111774202,0.105050692,0.10542386,0.107756268,0.114643923,3546000,2726281.162,3332600.934,3819804.075,4444821.19,269000,205844.0821,213720.2316,214292.6104,233099.6277,4860,35,46,486,7,,NHS LIVERPOOL CCG,9875,25,2920,29,355,3,270,2,160,1,110,1,400,4,2655,26,1950,19,760,7,300
NHS EAST RIDING OF YORKSHIRE CCG,NHS EAST RIDING OF YORKSHIRE CCG,Match,02Y,58816,59023,North East and Yorkshire,1510,1680,53613661.8,55625705.45,59015861.42,62398248.29,64351000,0.139187936,0.141964238,0.14320519,0.142025003,0.146469672,2919816.301,3062942.47,3287361.584,3731141.722,3721000,259470.0978,266500,276900.8288,277353.3252,279000,3360,28,43,296,1,,NHS MANCHESTER CCG,11680,33,2500,21,465,3,275,2,215,1,165,1,480,4,4460,38,1810,15,1310,11,*
NHS HULL CCG,NHS HULL CCG,Match,03F,57370,57585,North East and Yorkshire,1945,2435,56214186.6,60513964.83,63102938.45,65833505.87,70488000,0.140335828,0.150903503,0.149600385,0.123724194,0.132471618,3917120,2825721.226,3769038.828,4032905.614,4049000,155850,163845.3156,161247.0952,163706.0904,167000,4725,34,40,22,1,,NHS MID ESSEX CCG,3705,14,1430,38,85,2,50,1,40,1,35,0,150,4,1365,36,285,7,205,5,65
NHS NORTH EAST LINCOLNSHIRE CCG,NHS NORTH EAST LINCOLNSHIRE CCG,Match,03H,34518,34460,North East and Yorkshire,1180,1225,30675681.47,31959000,34551000,36805000,39754000,0.131585822,0.138958216,0.143014433,0.143882728,0.155411329,2880538,2764000,2882000,3211000,3301000,91000,93000,96000,96000,98000,2685,36,41,228,1,,NHS MORECAMBE BAY CCG,4400,50,825,18,95,2,60,1,45,1,45,0,355,8,1460,33,765,17,740,16,10
NHS NORTH LINCOLNSHIRE CCG,NHS NORTH LINCOLNSHIRE CCG,Match,03K,35638,35677,North East and Yorkshire,1230,1355,30063512.14,30964563.86,33948468.5,37186541.15,32085360.74,0.139119807,0.134157238,0.139906567,0.140050412,0.120838558,1637666.82,1595126.51,1623891.23,1951360.891,2339795.327,90000,90000,90000,92340,95367.7,1935,26,31,478,3,,NHS NEWCASTLE GATESHEAD CCG,7035,57,935,13,165,2,130,1,100,1,70,0,605,8,1985,28,2450,34,590,8,*
NHS VALE OF YORK CCG,NHS VALE OF YORK CCG,Match,03Q,66910,67144,North East and Yorkshire,3095,3080,67449630.93,68006952.22,71569483.16,76333824.74,78879521.4,0.178110181,0.164942912,0.164740005,0.15761436,0.162870724,2653243.142,3372061,3937338,4508871,4051787.554,232668.4682,165536,156164,157329,182876.138,4420,29,22,229,2,,NHS NORFOLK AND WAVENEY CCG,14985,50,1585,10,245,1,195,1,135,0,115,0,605,4,5435,36,5065,33,1610,10,*
NHS GLOUCESTERSHIRE CCG,NHS GLOUCESTERSHIRE CCG,Match,11M,128910,129562,South West,3940,5020,81786000,91660971.3,113546365.6,102068889.9,108556665.7,0.106493084,0.120359488,0.141043151,0.10998808,0.116979221,6629000,6291480.636,6537589.211,6867648.157,8417764.937,486000,709165.3683,949798.9413,1005194.433,1032135,7950,70,28,123,1,,NHS NORTH CENTRAL LONDON CCG,14360,42,2750,19,940,6,680,4,415,2,245,1,825,5,3715,25,3535,24,1250,8,5
NHS PORTSMOUTH CCG,NHS PORTSMOUTH CCG,Match,10R,43756,43756,South East,1445,1490,44176967,44165000,47792000,51082493.81,54694000,0.155043351,0.157199349,0.161442006,0.160992563,0.172374655,2630000,1987788.931,2323417.097,2517613.051,2685000,109000,108790,112947.2519,212713.9235,335000,2900,65,42,17,1,,NHS NORTH CUMBRIA CCG,4855,55,660,13,95,1,75,1,85,1,55,1,350,7,2470,50,900,18,165,3,*
NHS SOMERSET CCG,NHS SOMERSET CCG,Match,11X,111190,111293,South West,2290,2695,80471000,83525000,95840000,105366000,110709000,0.111506026,0.114360002,0.124020896,0.114383773,0.120184055,5375000,5390000,6228000,6932000,7463000,284000,384000,484000,547000,689000,6340,32,42,919,12,,NHS NORTH EAST ESSEX CCG,4385,20,1740,39,120,2,85,1,90,2,105,2,145,3,1555,35,255,5,290,6,*
NHS KERNOW CCG,NHS KERNOW CCG,Match,11N,108852,109293,South West,3375,4085,121447000,131335000,140363000,147039000,157072679.1,0.172604336,0.170002382,0.172144487,0.155553361,0.166168045,6206000,5838000,8694000,10968000,9810965.432,653000,722000,665000,709000,1091802.321,5885,45,37,606,2,,NHS NORTH EAST LINCOLNSHIRE CCG,2685,36,315,11,75,2,95,3,80,2,30,1,50,1,1110,41,745,27,175,6,*
NHS Berkshire West CCG,NHS Berkshire West CCG,Match,15A,113021,114075,South East,3780,4855,68716009.91,75432000,79952315.56,93748013.45,98878105.89,0.117926597,0.130422379,0.131084627,0.143481216,0.151332816,5212000,3746000,4385588.372,4956184,5337480.73,674000,2978000,2977427.082,3301055,3399155.828,8570,36,23,1123,10,,NHS NORTH EAST LONDON CCG,19895,31,6855,34,820,4,630,3,475,2,450,2,1190,5,4990,25,2730,13,1760,8,*
NHS Buckinghamshire CCG,NHS Buckinghamshire CCG,Match,14Y,126312,127411,South East,4575,4680,84587000,87482000,95072000,101205000,106438000,0.1369018,0.142736171,0.14674413,0.143615043,0.151040937,4386000,4976700,5049000,6417000,5853000,256000,256000,338000,427000,368000,7795,42,31,737,7,,NHS NORTH LINCOLNSHIRE CCG,1935,26,515,26,80,4,45,2,20,1,20,1,55,2,615,31,440,22,150,7,*
NHS OXFORDSHIRE CCG,NHS OXFORDSHIRE CCG,Match,10Q,142659,144435,South East,5570,5545,77313606,82019000,90395000,97585000,107719000,0.098430719,0.106111787,0.110773163,0.092510674,0.102117716,7070860,6498000,6775000,6987000,7240000,816353,828000,828000,851000,855000,7480,57,30,1537,5,,NHS NORTH STAFFORDSHIRE CCG,2645,31,680,25,130,4,75,2,55,2,40,1,125,4,1000,37,395,14,140,5,*
NHS CAMBRIDGESHIRE AND PETERBOROUGH CCG,NHS CAMBRIDGESHIRE AND PETERBOROUGH CCG,Match,06H,196307,198120,East of England,6115,5840,127917000,133757000,140987007,149454000,159147000,0.128771269,0.129366558,0.129042569,0.103761913,0.110491504,9546000,9085000,9920115,10497000,10941000,612000,612000,628000,891000,900000,12705,44,30,1063,21,,NHS NORTH TYNESIDE CCG,2445,43,355,14,60,2,65,2,35,1,30,1,110,4,635,25,985,40,165,6,*
"NHS Bristol, North Somerset and South Gloucestershire CCG","NHS Bristol, North Somerset and South Gloucestershire CCG",Match,15C,197090,198154,South West,4135,4585,158623745.1,145406000,154554427,166370751.7,174650896,0.144305663,0.124064965,0.124593743,0.111531263,0.117082088,9725028.18,9534000,10857000,11566119.25,12356761.44,256074.46,458000,462266,480757,532961.5613,8115,36,45,897,8,,NHS NORTH WEST LONDON CCG,16310,44,3615,22,555,3,375,2,290,1,270,1,1395,8,5665,34,2805,17,1335,8,*
NHS DORSET CCG,NHS DORSET CCG,Match,11J,143436,144050,South West,4670,4725,159439895.7,166582000,182298000,197207183.4,210421273,0.148958018,0.158127702,0.164070727,0.152191039,0.162388771,9439532,8431000,8798000,10148887.68,10889227.28,1301000,995000,1201000,1234793.478,1356790.65,6245,48,44,180,2,,NHS NORTH YORKSHIRE CCG,4295,38,1065,24,80,1,60,1,60,1,50,1,350,8,1405,32,820,19,400,9,*
NHS CALDERDALE CCG,NHS CALDERDALE CCG,Match,02T,46118,45951,North East and Yorkshire,1375,1955,35108000,35452738.7,37651000,38914000,40840608.09,0.122442716,0.124206867,0.12518786,0.123537719,0.129653995,1752000,1755964.84,1853000,2352000,2226404.11,107000,107000,111000,111000,126775.8304,3235,26,39,766,2,,NHS NORTHAMPTONSHIRE CCG,6735,48,1370,20,315,4,275,4,230,3,155,2,625,9,880,13,2135,31,720,10,25
NHS Leeds CCG,NHS Leeds CCG,Match,15F,169422,170581,North East and Yorkshire,4765,6295,154044000,161277000,175199578.2,191771167.7,202883155.6,0.139759416,0.148408499,0.152855471,0.158923407,0.168132065,8695000,8884000,10057604.11,10223965.83,11036000,425000,425000,714893.0808,677031.9038,708000,9390,59,21,157,2,,NHS NORTHUMBERLAND CCG,4140,34,755,18,330,7,360,8,215,5,95,2,50,1,1505,36,615,14,220,5,*
NHS WAKEFIELD CCG,NHS WAKEFIELD CCG,Match,03R,73845,74986,North East and Yorkshire,3385,4665,71419000,74773431.55,79988000,82011000,86463000,0.135834069,0.146290438,0.148069988,0.095080392,0.100241869,4784000,7655000,8482000,9773000,10158000,193000,195000,196000,436000,442000,6785,24,21,*,*,,NHS NOTTINGHAM AND NOTTINGHAMSHIRE CCG,15615,56,2285,14,515,3,450,2,250,1,165,1,1040,6,4575,29,4430,28,1900,12,*
NHS HALTON CCG,NHS HALTON CCG,Match,01F,28770,28845,North West,755,765,24918089.6,25723286.29,27303750,28010000,30088000,0.127067232,0.127411753,0.12858263,0.124673956,0.133923242,1652671.751,1656893.125,1709000,1866000,2272000,113000,222000,229000,211000,222000,1470,25,46,76,2,,NHS OLDHAM CCG,3670,57,475,12,95,2,90,2,75,2,80,2,335,9,1670,45,355,9,495,13,*
NHS KNOWSLEY CCG,NHS KNOWSLEY CCG,Match,01J,33802,34437,North West,1030,1250,36304360.41,40505000,43439000,43805087.33,48772000,0.131742145,0.147319837,0.150579418,0.145668262,0.1621851,1461246,1720000,2224173.097,1863513.944,2064000,0,140000,143560.5377,174428.2328,303000,2360,34,29,492,3,,NHS OXFORDSHIRE CCG,7480,57,835,11,185,2,160,2,125,1,90,1,435,5,2260,30,2645,35,740,9,*
NHS LIVERPOOL CCG,NHS LIVERPOOL CCG,Match,99A,96052,96744,North West,5970,6345,116320000,117293000,124445000,125454000,132593849.7,0.143771962,0.146251171,0.146951158,0.097987289,0.10356395,6051000,6726000,7719000,8475000,8442194.255,312000,316000,492000,598000,636346.593,9875,25,26,111,1,,NHS PORTSMOUTH CCG,2900,65,250,8,50,1,55,1,40,1,40,1,190,6,1220,42,635,21,420,14,*
NHS SOUTH SEFTON CCG,NHS SOUTH SEFTON CCG,Match,01T,32578,32677,North West,1075,1235,23724906.4,25802622.9,29423022,29114278.22,33450000,0.098180374,0.105761458,0.115047379,0.103278015,0.11865826,2580550,2778034.6,2660000,2998000,2877000,260260,261716,277196,105000,107000,1815,48,31,416,4,,NHS ROTHERHAM CCG,4595,29,900,19,185,3,115,2,65,1,35,0,110,2,1475,32,1240,27,465,10,*
NHS SOUTHPORT AND FORMBY CCG,NHS SOUTHPORT AND FORMBY CCG,Match,01V,21479,21421,North West,705,790,20293860,22462510,23304090,23668916.69,25945076.02,0.117165357,0.122119344,0.120596616,0.108382997,0.118805822,894860,1088000,938000,1071000,1108000,204204,204000,82000,80000,81000,915,39,19,196,2,,NHS SALFORD CCG,3560,29,830,23,100,2,85,2,55,1,60,1,140,3,1255,35,625,17,410,11,*
NHS ST HELENS CCG,NHS ST HELENS CCG,Match,01X,36868,36893,North West,1555,1430,37966496.58,36496611.35,39848469.52,42283000,44832000,0.131740366,0.121066182,0.125513316,0.122018198,0.129373977,1780421.965,3434352.08,3666916.713,3024000,3249000,0,299271,181329.42,249000,285000,3205,24,48,220,3,,NHS SHEFFIELD CCG,5705,40,675,11,110,1,80,1,45,0,55,0,175,3,2575,45,1715,30,280,4,*
NHS WARRINGTON CCG,NHS WARRINGTON CCG,Match,02E,44391,44177,North West,1575,1695,33572000,35594298,37563938.67,44558000,52923000,0.119574757,0.125846054,0.125885357,0.134407675,0.15964041,2165000,2240000,2534000,3584000,3874000,170000,238000,268000,284000,289000,3205,22,46,699,2,,"NHS SHROPSHIRE, TELFORD AND WREKIN CCG",6710,31,1225,18,160,2,100,1,70,1,50,0,220,3,2675,39,1530,22,675,10,*
NHS WIRRAL CCG,NHS WIRRAL CCG,Match,12F,67508,67431,North West,3910,2560,67417000,69991176.48,77003264.4,79510187.18,84190760.36,0.133691557,0.135826075,0.142169497,0.135148289,0.143104143,4472000,5641790,5701454.398,6328951.66,6460565.096,479000,224450,226530,242406.904,245415.0049,5020,30,36,*,*,,NHS SOMERSET CCG,6340,32,1130,17,235,3,155,2,100,1,70,1,230,3,2720,42,1375,21,325,5,*
NHS Tees Valley CCG,NHS Tees Valley CCG,Match,16C,146833,147498,North East and Yorkshire,10175,10905,178839000,190924035.4,199465216.5,215655177.5,228159214.8,0.179320549,0.192370469,0.191111723,0.18314442,0.193763431,12888000,13978831.24,14772420.37,16772152.31,16644477.04,794000,810267.7512,931338.9025,993068.6185,1163171.378,12275,30,36,1379,9,,NHS SOUTH EAST LONDON CCG,17195,31,4245,24,435,2,255,1,190,1,130,0,670,3,4915,28,4260,24,2090,12,10
NHS Herefordshire and Worcestershire CCG,NHS Herefordshire and Worcestershire CCG,Match,18C,154908,155382,Midlands,4770,4995,119276000,122243280.4,130974381.5,135348921.6,142601689,0.12848775,0.12957214,0.129832376,0.109701319,0.115579742,7969000,8379191.378,9071095.931,9657054.964,10259538.81,419000,404074.2143,491858.4836,581758.1174,841540.2692,7595,66,34,1793,16,,NHS SOUTH EAST STAFFORDSHIRE AND SEISDON PENINSULA CCG,2320,57,250,10,85,3,85,3,75,3,70,2,190,8,1095,47,345,14,125,5,*
NHS Norfolk and Waveney CCG,NHS Norfolk & Waveney CCG,,26A,194272,194694,East of England,6135,7690,206205158.2,190799976.6,173954467.6,192888165.4,207632850,0.157466222,0.142753982,0.123157006,0.113881402,0.122586681,8297888.5,22929566.96,24164477.25,25800095.4,27489933.12,1669190.666,915000,1968686,2178186.36,2656418.579,14985,50,36,1054,5,,NHS SOUTH SEFTON CCG,1815,48,365,20,55,3,50,2,35,1,20,0,135,7,580,31,370,20,205,11,*
NHS Cheshire CCG,NHS Cheshire CCG,Match,27D,145946,147246,North West,3985,2980,110340879.5,109366469.2,115020988.7,124824926.4,133861380.1,0.118520755,0.112987142,0.112832932,0.11081796,0.118840407,6523480.17,8428364.233,9174864.012,10672730.23,11926994.22,552045.06,518111.9915,773460.4803,524349.469,519988.6293,8090,53,38,714,6,,NHS SOUTH TYNESIDE CCG,3480,54,410,11,230,6,215,6,140,4,105,2,280,8,790,22,795,22,515,14,*
NHS Bradford District and Craven CCG,NHS Bradford District and Craven CCG,Match,36J,151731,151758,North East and Yorkshire,5660,7155,101481000,107804000,120775000,128434000,135332000,0.128131524,0.135203877,0.141252023,0.142169264,0.149804965,6866000,7353000,8828000,9046000,10639000,305000,311000,324000,335000,343000,8810,36,24,1763,44,,NHS SOUTH WEST LONDON CCG,17100,40,3435,20,775,4,500,2,290,1,185,1,900,5,5525,32,3215,18,2265,13,10
NHS South West London CCG,NHS South West London CCG,Match,36L,340658,343221,London,9955,11230,238373376.2,255990971.4,276811082.9,286506973.1,303903707.8,0.130268513,0.133765738,0.136873381,0.120575213,0.127896553,15473403.11,17549211.12,20409931.8,19598962.73,21354369.81,1615062.914,1801234.536,1912687.811,1434410.118,1651354.255,17100,40,32,451,5,,NHS SOUTHEND CCG,2020,20,750,37,50,2,40,1,40,1,40,1,60,3,810,39,130,6,95,4,*
NHS North Yorkshire CCG,NHS North Yorkshire CCG,Match,42D,81258,81370,North East and Yorkshire,3015,3055,81371264.96,88516938.63,86020992.47,93149992.98,98554521.17,0.15277173,0.161027136,0.148978349,0.132988189,0.140704114,4724207.275,4837084.722,3836241.476,4293769.643,4515463.027,224337.7177,225902.702,212534.1538,332905.1452,337221.8241,4295,38,32,909,4,,NHS SOUTHPORT AND FORMBY CCG,915,39,245,26,40,4,45,4,20,2,20,2,60,6,180,19,215,23,85,9,*
NHS Nottingham and Nottinghamshire CCG,NHS Nottingham and Nottinghamshire CCG,Match,52R,213118,213938,Midlands,10270,10775,204989955.8,216383142,230784565.7,232855912.8,247720000,0.151386999,0.162005871,0.163590561,0.14119909,0.150212371,8976517.621,10132217.93,10916351.06,12384812,13088000,959701.982,1022389.571,1167160.29,1009007.953,1025000,15615,56,29,1297,11,,NHS ST HELENS CCG,3205,24,635,19,65,2,25,0,20,0,30,0,65,1,1560,48,575,17,235,7,*
NHS West Sussex CCG,NHS West Sussex CCG,Match,70F,174444,175759,South East,4980,6395,119392000,131983766.5,147049478.9,159846847.7,169156149,0.109758248,0.114551244,0.120756055,0.116156494,0.122921319,7447764,9040840.15,9236931.741,10184129.92,9697582.866,469270,638540.343,721347.5427,880738.8481,911967.6681,9025,53,24,896,9,,NHS STAFFORD AND SURROUNDS CCG,1550,64,115,7,45,2,35,2,40,2,35,2,140,8,690,44,320,20,130,8,*
NHS Lincolnshire CCG,NHS Lincolnshire CCG,Match,71E,146412,147332,Midlands,4545,4675,142623247.6,148039089.7,156933648.6,171911999,182540049.2,0.142472279,0.147555844,0.14805997,0.137876835,0.146400742,7345796.6,7953569.827,8233083.733,7686071,7556087.387,175608,0,531451.1846,676086,684672,8090,37,40,1436,17,,NHS STOCKPORT CCG,3045,25,785,25,70,2,45,1,35,1,20,0,80,2,1365,44,380,12,255,8,*
NHS South East London CCG,NHS South East London CCG,Match,72Q,397064,398202,London,12340,13800,346842040,359324600.8,391224865.9,400871373.8,421390000,0.141839092,0.147166351,0.151141531,0.12335921,0.129673359,21343000,24273605.36,27219789.5,32415441.38,34845000,1222000,1308018.484,1442806.851,2099433.745,2143000,17195,31,28,1037,9,,NHS STOKE ON TRENT CCG,4200,25,1270,30,230,5,135,3,80,1,40,0,115,2,1585,37,480,11,265,6,*
NHS Northamptonshire CCG,NHS Northamptonshire CCG,Match,78H,167864,169287,Midlands,4480,5700,121943000,126504000,134983000,141647954.7,148472598.9,0.1363941,0.140478678,0.141710567,0.126547763,0.132644875,8737000,8495000,8840000,7730723.378,9012138.247,374000,382000,837000,868854.6843,1042489.335,6735,48,13,90,*,,NHS SUNDERLAND CCG,5415,80,500,9,130,2,100,1,75,1,70,1,695,12,1710,31,1495,27,635,11,*
NHS County Durham CCG,NHS County Durham CCG,Match,84H,101468,101979,North East and Yorkshire,7860,7715,136178000,139472420,146620965.6,155814741.9,167513540.4,0.165916247,0.171749258,0.171313793,0.158878079,0.170806877,7199000,7712405.8,8229802.148,8926509.815,9864028.713,585000,585773.0737,745150.6759,910515.5342,1520320.467,9940,37,29,1720,20,,NHS SURREY HEARTLANDS CCG,17030,51,1795,10,450,2,420,2,255,1,250,1,890,5,4890,28,6150,36,1925,11,10
NHS Kent and Medway CCG,NHS Kent and Medway CCG,Match,91Q,408818,412012,South East,15665,17465,261858712,270449710.4,289687946.7,304220949.5,318437091.5,0.113403471,0.115339958,0.116719293,0.105072746,0.10998276,20594448.17,21002703.6,20984694.22,23884059.48,23306425.53,971185,950698.575,1035606.263,1355684.4,1612896.35,27320,43,46,972,13,,NHS TAMESIDE AND GLOSSOP CCG,3825,40,685,17,110,2,75,1,65,1,30,0,180,4,1005,26,1340,35,335,8,*
NHS Surrey Heartlands CCG,NHS Surrey Heartlands CCG,Match,92A,233286,234575,South East,7170,10530,132453674.9,146716156.2,158137463.8,176675000,184153346.5,0.110455593,0.113066537,0.115559886,0.108500359,0.113092991,10239714.32,14290791.03,15296488.05,14834000,16512106.16,1559525.648,1122734.292,1201995.721,1386000,1419445.167,17030,51,28,814,11,,NHS TEES VALLEY CCG,12275,30,3630,29,580,4,360,2,255,2,180,1,600,4,4435,36,1280,10,955,7,*
"NHS Bath and North East Somerset, Swindon and Wiltshire CCG","NHS Bath and North East Somerset, Swindon and Wiltshire CCG",Match,92G,194237,195342,South West,4925,5250,120810000,130455740.4,143651857.9,152640872.6,163452784.7,0.109307874,0.117161117,0.121903536,0.11574207,0.123940353,10724000,11632616.46,12103778.11,13606189.29,16569898.91,683000,455570,462044,472390.0989,817833.1219,9460,47,33,2641,27,,NHS THURROCK CCG,2095,17,705,33,95,4,35,1,25,1,20,0,25,1,650,31,460,22,80,3,*
NHS North Central London CCG,NHS North Central London CCG,Match,93C,332659,335865,London,11880,12335,308571247.1,334275471.5,341642882.8,353511527.2,367510594.2,0.156053655,0.1681018,0.162486069,0.138003555,0.1434685,23433489.91,31390507.86,35129335.07,37879838,40246409.96,1878439.115,1833006.455,2013668.867,2155838.703,2396157.897,14360,42,25,773,3,,NHS TRAFFORD CCG,3880,42,310,7,40,0,25,0,15,0,15,0,95,2,1250,32,1790,46,345,8,*
NHS East Sussex CCG,NHS East Sussex CCG,Match,97R,106338,106575,South East,3065,3665,84573022.94,85590023.85,93635069.91,99517589.76,109067155.6,0.110819352,0.112336871,0.116284355,0.094274393,0.103320829,6178720.007,5465791.65,5798310.219,7460723.383,7999987.919,35000,117582,119000,548975.7337,465337.8405,5870,39,5,3139,32,,NHS VALE OF YORK CCG,4420,29,1200,27,165,3,140,3,120,2,85,1,170,3,980,22,655,14,910,20,*
NHS North East London CCG,NHS North East London CCG,Match,A3A8R,488757,492913,London,13880,17300,330934088.3,341017822.8,359569621.5,379297813.6,399934607.2,0.125825102,0.132141752,0.131065431,0.117792693,0.124201545,28388400.61,27438257.45,33023335.85,37567449.76,38880593.25,1178819,1169988.279,1020617.29,1533563.716,2494298.372,19895,31,25,3518,31,,NHS WAKEFIELD CCG,6785,24,2540,37,250,3,160,2,140,2,120,1,280,4,1465,21,1135,16,685,10,5
NHS North West London CCG,NHS North West London CCG,Match,W2U3Z,473289,477394,London,11805,13580,417853530,436392831.1,455444257.1,488091604,517696832,0.125943865,0.153573738,0.152363974,0.134397978,0.142549896,16562783.57,33387480.88,35879957.15,39369751.72,41302176,998390.1838,1053612.092,1300415.512,1776018.944,1880578.772,16310,44,34,65,1,,NHS WARRINGTON CCG,3205,22,860,26,105,3,60,1,45,1,20,0,80,2,1495,46,120,3,420,13,*
"NHS Bedfordshire, Luton and Milton Keynes CCG","NHS Bedfordshire, Luton and Milton Keynes CCG",Match,M1J4Y,231963,235166,East of England,11305,12975,156513646.4,165197389.8,176814938,192476389.8,203646349.2,0.129146004,0.141720776,0.142909744,0.133648523,0.141404532,12927874,12745000,14099146,16431622.53,17652989.61,474000,711000,960762,1181142.438,1830556.713,14965,26,22,2046,16,,NHS WEST ESSEX CCG,2770,24,920,33,60,2,25,0,20,0,10,0,110,3,1140,41,290,10,200,7,*
NHS Coventry and Warwickshire CCG,NHS Coventry and Warwickshire CCG,Match,B2M3M,197485,199960,Midlands,5915,6805,185919823.7,201392360,208645322.7,231597665.6,244096235.7,0.116119405,0.170926288,0.167340366,0.156390405,0.164830285,7395723.316,10048440,11849809.67,12971319.13,13555202.62,761016.9126,1117960,710130,854804.6137,1061762.745,11765,49,31,608,3,,NHS WEST LANCASHIRE CCG,1540,37,345,22,90,5,45,2,30,1,25,1,80,5,430,28,320,20,170,11,*
"NHS Shropshire, Telford and Wrekin CCG","NHS Shropshire, Telford and Wrekin CCG",Match,M2L0M,101133,101939,Midlands,3195,3430,65472000,67551000,82533654.43,90438584.58,95397000,0.125943865,0.110755322,0.128073726,0.113508276,0.119731518,4962000,5236000,5651665.298,6386436.964,6599000,480000,385000,378223.578,394898.0657,471000,6710,31,39,910,7,,NHS WEST LEICESTERSHIRE CCG,4250,13,2015,47,65,1,35,0,25,0,30,0,90,2,910,21,655,15,375,8,50
NHS Black Country and West Birmingham CCG,NHS Black Country and West Birmingham CCG,Match,D2P2L,329806,331127,Midlands,9775,10545,254940329.3,270095687.2,291879105.2,334206461.2,348861053.6,0.111506026,0.145030433,0.147635142,0.145886244,0.152283199,21015111.62,23806890.3,24556584.54,26904389.68,29926821.64,1923896.326,1531942.128,1589864.336,1638364.771,1687385.766,19550,57,35,428,3,,NHS WEST SUFFOLK CCG,3360,55,475,14,65,1,40,1,25,0,25,0,240,7,1205,35,1000,29,285,8,*
NHS Kirklees CCG,NHS Kirklees CCG,Match,X2C4Y,100094,100020,North East and Yorkshire,5280,5755,81885942.19,82636031.2,88091167.73,94643694.64,98601796.35,0.153716573,0.15020691,0.151724629,0.154790295,0.161263792,3495518.443,4081902.132,4192000,4491000,4580602.581,209000,211000,219286.4232,228225.5272,252563.0336,6635,31,14,1769,18,,NHS WEST SUSSEX CCG,9025,53,1325,14,360,3,205,2,170,1,125,1,615,6,2250,24,2875,31,1095,12,*
"NHS Hampshire, Southampton and Isle of Wight CCG","NHS Hampshire, Southampton and Isle of Wight CCG",Match,D9Y0V,323072,324703,South East,10645,14420,253878271.8,267848981.5,290159906.2,313852009.1,332339380,0.157993636,0.133468762,0.137053484,0.125087439,0.132455682,16929034.96,18772411.64,20670537.02,21697572.39,23441034.24,1682144,1779515.608,1809030.8,2048666.667,2066724.596,26885,57,29,#N/A,#N/A,,NHS WIGAN BOROUGH CCG,4860,35,710,14,150,3,120,2,85,1,40,0,145,2,2255,46,765,15,590,12,*
NHS Frimley CCG,NHS Frimley CCG,Match,D4U1Y,175633,176614,South East,5745,6515,116636406,122886796.5,130580209.9,136695957.8,147478294.1,0.125943865,0.134937824,0.136030971,0.127960195,0.13805347,10618788.15,11090272.92,12195327.22,14245388.53,15206727.68,821000,928586.5293,1069060.139,1347814.432,1468190.704,11745,54,26,,,,NHS WIRRAL CCG,5020,30,620,12,190,3,100,1,35,0,35,0,70,1,1825,36,1880,37,265,5,*
